Occupation Code,11,21,22,23,31-33,42,44-45,48-49,51,52,53,54,55,56,61,62,71,72,81,90
11-1021,0.2,0.7,0.5,7.1,9.2,8.7,12.0,2.9,2.7,5.7,2.8,10.9,3.9,6.5,2.6,5.1,2.3,4.3,6.1,5.2
11-1951,0.1,1.2,1.4,1.1,76.1,4.6,0.5,0.8,0.0,0.0,0.0,0.0,0.0,0.0,0.0,0.0,0.0,0.0,0.0,0.0
11-1999,0.1,0.2,0.3,1.2,3.4,1.6,1.2,0.8,0.0,0.0,0.0,0.0,0.0,0.0,0.0,0.0,0.0,0.0,0.0,0.0
13-1020,0.4,0.7,0.7,3.3,23.1,14.8,8.9,1.9,1.8,1.7,0.4,6.7,9.3,2.7,2.2,3.2,0.4,0.6,1.0,13.0
13-1199,0.0,0.4,0.8,3.1,5.1,3.1,1.2,1.4,4.5,6.9,1.6,12.4,6.1,5.2,9.9,6.3,0.8,0.4,5.5,24.9
13-2011,0.4,0.9,0.5,2.6,6.0,3.9,1.7,1.1,2.5,8.4,2.8,32.0,6.8,3.6,3.6,3.8,0.7,0.9,2.9,8.3
19-1032,9.2,0.0,4.1,0.0,10.2,0.8,0.0,0.0,0.0,0.0,0.0,3.1,2.2,0.0,4.6,0.0,0.0,0.0,1.5,61.8
33-9032,0.2,0.1,0.5,0.1,1.0,0.3,3.7,1.0,0.4,0.5,2.3,0.7,0.5,61.7,5.5,5.5,3.9,5.3,2.2,4.1
37-2011,0.3,0.0,0.0,0.6,2.5,0.8,3.8,0.7,0.3,0.3,3.2,0.7,0.2,40.8,18.0,6.5,2.4,3.6,5.9,5.0
41-4012,0.8,0.2,0.2,2.1,17.2,62.5,4.7,0.7,1.2,0.4,0.7,2.1,1.9,2.0,0.0,0.1,0.2,0.1,0.6,0.0
43-1011,0.6,0.2,0.5,2.3,4.3,5.3,12.5,3.8,2.1,14.6,1.8,6.6,3.4,6.2,4.9,15.3,0.8,2.4,3.4,8.1
43-3031,1.0,0.5,0.3,6.7,5.9,7.5,8.9,2.3,1.5,6.4,3.7,12.9,4.5,5.7,4.7,6.5,1.1,2.7,6.7,5.9
43-6014,0.5,0.5,0.3,6.6,4.1,4.1,3.5,2.0,1.0,5.1,4.2,10.0,1.8,6.7,18.7,10.3,1.1,0.9,9.9,8.2
43-9061,0.4,0.5,0.3,7.9,4.9,5.6,6.2,3.0,1.6,4.4,3.9,8.4,1.5,9.1,12.3,11.5,1.1,1.4,6.6,9.1
45-1011,63.9,0.0,0.0,0.0,0.0,3.9,2.1,0.1,0.0,0.0,0.0,0.5,0.5,0.8,1.4,0.0,0.5,0.3,1.0,3.2
45-4021,52.4,0.0,0.0,0.0,4.4,0.0,0.0,0.0,0.0,0.0,0.0,0.0,0.0,13.7,0.0,0.0,0.0,0.0,0.0,0.0
45-4022,60.0,0.0,0.0,0.0,8.9,0.5,0.0,1.1,0.0,0.0,0.0,0.0,0.0,0.0,0.0,0.0,0.0,0.0,0.0,0.0
45-4023,5.5,0.0,0.0,0.0,56.6,2.2,0.0,0.0,0.0,0.0,0.0,0.0,0.0,0.0,0.0,0.0,0.0,0.0,0.0,0.0
47-2061,0.1,0.6,0.2,61.3,0.9,0.3,0.1,0.1,0.1,0.0,0.3,0.8,0.1,5.2,0.1,0.1,0.0,0.0,0.1,1.9
47-2073,0.9,6.9,1.0,61.6,1.9,0.8,0.0,0.8,0.3,0.0,0.3,0.5,0.4,3.5,0.3,0.0,0.2,0.1,0.2,18.1
49-1011,0.2,1.2,3.9,9.5,10.5,6.9,12.5,5.3,2.9,0.2,7.6,1.3,1.1,3.3,3.6,3.0,1.3,1.8,12.2,11.3
49-3031,1.2,1.3,0.8,3.2,4.8,14.0,4.0,29.6,0.0,0.0,5.2,0.3,0.6,5.3,3.4,0.2,0.2,0.0,10.2,10.5
49-3042,1.0,7.7,0.6,21.2,4.2,28.1,0.4,3.1,0.0,0.0,8.8,0.6,0.9,1.7,0.1,0.0,0.4,0.2,5.0,11.4
49-9071,0.4,0.5,0.5,2.2,13.0,2.7,2.5,2.5,0.4,0.6,21.4,1.5,1.2,4.3,7.8,7.9,3.1,7.9,7.1,11.9
49-9098,0.1,1.1,1.7,26.9,5.4,3.7,12.2,5.9,0.3,0.0,4.1,1.1,0.4,5.8,2.1,0.8,1.0,0.4,20.0,6.7
51-7041,1.2,0.0,0.0,0.6,85.2,6.5,1.4,0.3,0.0,0.0,0.0,0.1,0.0,1.2,0.0,0.0,0.0,0.0,0.0,0.2
51-7042,0.1,0.0,0.0,0.7,92.1,2.2,1.4,0.0,0.0,0.0,0.0,0.0,0.0,2.0,0.0,0.0,0.0,0.0,0.0,0.0
53-1048,0.1,1.3,0.1,1.8,8.3,17.2,6.5,38.0,0.4,0.0,1.3,0.9,1.1,5.1,1.5,1.2,0.6,0.5,7.4,6.0
53-3032,1.6,2.0,0.1,5.7,7.2,11.3,2.6,53.7,0.1,0.0,1.0,0.5,0.4,5.3,0.1,0.1,0.0,0.1,0.6,1.4
53-7041,4.4,13.3,3.7,0.0,36.3,3.5,0.0,12.5,0.0,0.0,0.0,0.0,0.0,1.9,0.0,0.0,1.6,0.0,0.0,7.4
53-7051,1.7,0.5,0.1,1.2,25.6,13.8,4.6,36.9,0.1,0.0,0.3,1.0,0.5,11.9,0.1,0.1,0.2,0.0,0.2,0.8
53-7062,0.2,0.3,0.1,1.5,11.4,15.1,9.7,28.9,0.6,0.0,1.3,1.2,0.5,23.3,0.4,0.7,1.2,0.4,1.0,1.3
11-1011,0.0,0.2,0.4,3.3,7.1,4.4,1.9,1.3,2.2,5.9,1.6,10.8,6.4,3.1,5.9,6.5,1.2,0.6,4.1,10.0
11-2020,0.0,0.2,0.4,1.2,10.0,8.2,2.5,1.0,0.0,0.0,0.0,0.0,0.0,0.0,0.0,0.0,0.0,0.0,0.0,0.0
11-2020,0.0,0.2,0.2,1.4,10.8,19.9,17.0,1.6,0.0,0.0,0.0,0.0,0.0,0.0,0.0,0.0,0.0,0.0,0.0,0.0
11-1931,0.0,0.2,1.3,0.3,2.0,1.2,0.5,0.5,0.0,0.0,0.0,0.0,0.0,0.0,0.0,0.0,0.0,0.0,0.0,0.0
11-2020,0.0,0.5,1.0,2.3,7.2,3.9,2.2,2.4,0.0,0.0,0.0,0.0,0.0,0.0,0.0,0.0,0.0,0.0,0.0,0.0
11-2020,0.0,0.2,0.5,0.4,7.0,3.7,1.1,0.9,0.0,0.0,0.0,0.0,0.0,0.0,0.0,0.0,0.0,0.0,0.0,0.0
11-1931,0.0,0.5,0.4,2.4,6.4,3.7,2.0,1.0,0.0,0.0,0.0,0.0,0.0,0.0,0.0,0.0,0.0,0.0,0.0,0.0
11-1961,0.0,0.6,0.7,2.5,27.3,11.8,4.0,1.9,0.0,0.0,0.0,0.0,0.0,0.0,0.0,0.0,0.0,0.0,0.0,0.0
11-1971,0.0,0.5,0.8,0.9,10.9,14.8,3.0,32.8,0.0,0.0,0.0,0.0,0.0,0.0,0.0,0.0,0.0,0.0,0.0,0.0
11-2020,0.0,0.5,0.9,1.3,7.4,1.9,0.6,1.6,0.0,0.0,0.0,0.0,0.0,0.0,0.0,0.0,0.0,0.0,0.0,0.0
11-2020,0.0,0.5,0.6,1.4,11.7,4.1,1.7,2.2,0.0,0.0,0.0,0.0,0.0,0.0,0.0,0.0,0.0,0.0,0.0,0.0
11-1931,0.0,0.4,1.4,1.2,5.5,4.0,1.1,2.8,0.0,0.0,0.0,0.0,0.0,0.0,0.0,0.0,0.0,0.0,0.0,0.0
11-2020,0.0,0.5,0.4,49.1,0.5,0.2,0.1,0.2,0.0,0.0,0.0,0.0,0.0,0.0,0.0,0.0,0.0,0.0,0.0,0.0
11-1941,0.0,1.1,2.4,2.1,35.1,2.5,0.2,0.9,0.0,0.0,0.0,0.0,0.0,0.0,0.0,0.0,0.0,0.0,0.0,0.0
11-2020,0.0,0.4,0.1,0.1,10.9,2.8,0.0,0.0,0.0,0.0,0.0,0.0,0.0,0.0,0.0,0.0,0.0,0.0,0.0,0.0
11-1941,0.0,0.5,0.1,1.4,0.1,0.1,0.0,0.1,0.0,0.0,0.0,0.0,0.0,0.0,0.0,0.0,0.0,0.0,0.0,0.0
13-1041,0.0,0.6,1.1,0.9,4.8,2.2,0.5,1.6,1.8,12.0,1.0,9.7,5.6,3.8,3.3,7.0,0.2,0.2,1.8,41.2
13-1051,0.0,0.2,0.6,58.8,12.2,3.8,4.4,0.7,0.3,0.3,0.2,4.4,1.5,3.4,0.2,0.1,0.0,0.0,7.3,0.3
13-1071,0.0,0.4,0.4,1.6,7.8,3.0,2.7,2.3,2.7,5.7,0.9,12.8,7.3,19.5,5.5,10.3,0.7,1.2,2.0,11.7
13-1081,0.0,0.6,1.3,0.7,24.1,9.2,2.1,8.1,2.3,0.5,0.5,16.3,10.4,2.9,0.5,1.1,0.1,0.0,0.4,18.5
13-1111,0.0,0.2,0.8,0.3,2.6,1.6,0.3,0.6,2.6,11.4,0.4,30.2,5.1,3.6,2.5,2.3,0.1,0.1,1.3,16.2
13-1121,0.0,0.0,0.0,0.1,1.9,1.2,1.2,0.2,3.2,2.1,1.6,7.9,2.6,10.1,9.6,2.7,10.5,11.1,22.1,3.3
13-1141,0.0,0.3,0.6,0.8,4.3,1.7,0.9,0.9,3.8,17.9,0.4,14.6,12.8,6.1,7.2,7.3,0.4,0.3,3.5,16.2
13-1161,0.0,0.1,0.4,1.4,6.7,8.0,3.2,0.8,9.0,9.7,2.9,28.1,7.9,4.1,2.8,4.4,1.7,1.1,3.5,1.1
13-2031,0.0,0.5,0.9,0.9,7.1,1.7,0.3,1.2,2.8,4.0,0.3,11.4,5.2,2.4,13.1,4.0,0.3,0.1,2.4,41.4
13-2051,0.0,0.7,0.7,0.4,6.0,1.6,0.4,0.8,3.4,42.4,2.3,13.4,11.8,2.8,2.4,2.8,0.2,0.1,1.1,3.2
13-2099,0.0,0.3,0.4,0.3,2.3,1.3,0.8,0.4,2.0,29.0,0.0,7.1,7.4,1.7,8.3,4.3,0.2,0.1,4.1,23.2
15-1111,0.0,0.2,0.2,0.0,3.5,3.2,0.2,0.0,9.7,0.8,0.0,43.3,1.2,0.0,7.7,0.4,0.0,0.0,0.0,27.9
15-1121,0.0,0.6,0.9,0.2,5.1,2.6,0.4,0.6,6.7,13.2,0.3,36.5,8.8,4.1,4.5,5.0,0.1,0.0,0.6,6.3
15-1122,0.0,0.3,1.3,0.3,4.5,2.4,0.2,0.4,7.8,18.3,0.2,39.3,9.5,5.9,3.6,2.7,0.1,0.1,0.5,2.5
15-1131,0.0,0.2,0.4,0.6,5.3,3.5,0.9,0.6,11.7,7.2,0.2,45.2,4.0,3.9,4.7,1.4,0.2,0.0,0.6,4.5
15-1132,0.0,0.1,0.2,0.1,7.1,3.1,0.0,0.3,19.7,10.2,0.2,41.8,5.0,3.7,2.2,1.3,0.1,0.0,0.4,2.1
15-1133,0.0,0.0,0.1,0.2,18.9,4.9,0.7,0.6,13.3,6.2,0.3,42.2,3.7,3.5,1.5,0.9,0.0,0.0,0.4,1.2
15-1141,0.0,0.4,0.6,0.2,4.0,2.3,0.8,0.9,12.8,14.0,0.6,24.0,8.3,5.2,10.0,5.4,0.5,0.1,3.5,5.9
15-1142,0.0,0.5,0.8,1.0,6.8,4.8,1.5,1.2,9.7,9.5,0.8,26.7,7.2,5.7,9.8,4.9,0.4,0.2,2.0,5.8
15-1143,0.0,0.1,0.6,0.8,4.3,3.1,0.8,0.5,18.3,9.6,0.3,35.2,7.8,5.9,4.2,2.2,0.1,0.0,0.7,4.1
15-1151,0.0,0.2,0.4,0.6,4.8,6.2,1.8,0.8,10.6,6.3,0.7,28.6,4.7,7.5,12.7,4.7,0.3,0.2,2.2,4.5
15-1152,0.0,0.3,0.5,0.8,4.1,4.6,1.0,1.3,20.1,7.7,0.4,22.9,6.3,6.2,9.4,4.0,0.2,0.2,1.6,6.1
15-1199,0.0,0.2,0.4,0.3,3.4,3.0,0.8,0.7,9.2,7.0,0.6,31.1,4.9,4.5,4.1,2.8,0.4,0.2,1.3,21.8
15-2031,0.0,0.4,0.9,0.0,6.0,1.9,0.0,1.2,4.8,29.9,0.8,22.7,9.5,4.5,3.3,3.0,0.1,0.0,0.6,9.4
17-1021,0.0,2.7,0.0,0.5,0.0,0.0,0.0,0.0,1.9,0.0,0.0,35.0,3.9,0.8,1.5,0.0,0.0,0.0,0.9,44.4
17-1022,0.0,2.0,1.0,7.5,0.3,0.0,0.0,0.2,0.0,0.0,0.0,71.7,0.5,1.0,0.0,0.0,0.0,0.0,0.1,9.8
17-2041,0.0,0.9,1.0,0.4,53.1,4.3,0.0,0.0,0.0,0.0,0.0,23.4,4.4,2.0,3.6,0.0,0.0,0.0,0.0,3.8
17-2051,0.0,0.3,0.7,10.4,1.2,0.3,0.0,0.5,0.1,0.1,0.5,54.5,1.4,1.3,1.2,0.0,0.0,0.0,0.1,23.5
17-2071,0.0,0.3,10.2,3.6,34.2,2.6,0.1,0.5,1.4,0.1,0.0,32.8,4.7,1.6,0.7,0.0,0.0,0.0,0.7,5.5
17-2072,0.0,0.1,0.3,0.9,34.4,4.4,0.2,0.5,18.1,0.1,0.1,19.6,2.9,0.0,0.6,0.0,0.0,0.0,0.4,13.5
17-2081,0.0,1.7,2.1,0.5,5.7,0.7,0.0,0.5,0.0,0.0,0.0,50.0,2.3,6.0,0.8,0.0,0.0,0.0,0.3,27.9
17-2111,0.0,3.7,2.0,14.9,25.3,1.7,0.3,3.2,0.0,4.0,0.3,19.0,4.4,4.2,2.5,0.6,0.0,0.0,0.5,13.1
17-2112,0.0,0.4,0.7,0.6,70.7,3.0,0.1,2.1,0.8,0.2,0.0,12.4,4.6,2.8,0.2,0.1,0.0,0.0,0.3,0.8
17-2121,0.0,0.6,0.0,0.0,0.0,0.0,0.0,3.8,0.0,0.0,0.0,40.1,0.6,0.0,0.0,0.0,0.0,0.0,0.0,10.5
17-2131,0.0,1.2,0.8,0.0,57.1,2.3,0.0,0.6,0.0,0.0,0.0,22.6,3.9,2.2,2.4,0.0,0.0,0.0,0.0,6.6
17-2141,0.0,0.7,0.6,1.7,48.5,4.2,0.1,0.6,0.1,0.1,0.1,28.1,3.5,4.3,0.7,0.1,0.2,0.0,0.5,5.1
17-2151,0.0,43.3,0.0,0.0,0.0,0.0,0.0,0.0,0.0,0.0,0.0,34.2,7.2,1.5,0.0,0.0,0.0,0.0,0.0,8.3
17-2171,0.0,45.5,1.2,0.0,12.7,0.3,0.0,4.0,0.0,0.4,0.0,15.1,17.7,0.6,0.2,0.0,0.0,0.0,0.0,1.9
17-2199,0.0,0.9,1.1,1.7,23.2,3.2,0.2,1.0,1.2,0.6,0.1,24.3,3.7,4.1,0.0,0.4,0.1,0.0,0.3,23.9
17-3013,0.0,0.5,0.4,5.9,53.8,3.8,0.0,0.4,0.0,0.0,0.2,23.8,1.5,6.6,0.2,0.0,0.1,0.0,0.5,0.7
17-3019,0.0,0.5,1.0,13.0,35.4,4.4,1.3,0.4,0.0,0.0,0.6,29.3,2.1,0.0,0.7,0.0,0.0,0.0,0.0,2.4
17-3022,0.0,0.3,0.8,2.4,0.4,0.0,0.0,0.1,0.0,0.0,0.0,48.4,0.6,1.1,0.9,0.0,0.0,0.0,0.0,43.9
17-3023,0.0,1.0,4.4,1.9,37.5,5.9,0.1,1.4,1.9,0.0,0.1,25.4,1.4,2.5,1.3,0.1,0.2,0.0,1.2,12.9
17-3024,0.0,2.9,3.5,2.4,53.7,6.4,0.0,0.9,0.0,0.0,0.0,19.9,0.9,2.0,1.9,0.0,0.0,0.0,2.7,1.3
17-3025,0.0,1.5,2.0,2.5,7.1,0.7,0.0,0.0,0.0,0.0,0.0,52.2,1.5,12.7,0.9,1.1,0.0,0.0,0.0,16.6
17-3026,0.0,0.7,0.7,0.2,80.1,1.8,0.0,0.9,0.2,0.0,0.0,7.4,2.0,2.5,0.0,0.2,0.0,0.0,0.0,2.1
17-3027,0.0,0.8,0.4,1.1,52.9,3.4,0.0,0.4,0.0,0.0,0.0,28.2,2.8,5.7,1.2,0.0,0.0,0.1,0.3,1.3
17-3029,0.0,2.1,1.2,0.7,28.9,2.6,0.2,0.7,0.3,0.2,0.0,27.1,2.2,5.4,2.5,0.7,0.0,0.0,0.2,24.3
17-3031,0.0,0.8,4.2,3.8,0.4,0.0,0.0,0.2,0.3,0.0,0.1,64.1,0.0,3.7,0.2,0.0,0.0,0.0,0.1,15.4
19-2031,0.0,0.7,0.9,0.0,42.1,3.7,0.2,0.1,0.0,0.0,0.0,26.8,3.0,4.0,4.8,0.5,0.0,0.0,0.1,12.5
19-2041,0.0,0.9,1.4,0.1,2.1,0.3,0.0,0.3,0.0,0.0,0.0,40.3,1.7,1.8,4.2,0.3,0.1,0.0,3.2,42.4
19-2042,0.0,22.1,0.4,0.3,1.0,0.0,0.0,0.0,0.7,0.2,0.0,44.2,5.2,1.3,7.3,0.0,0.0,0.0,0.0,15.9
19-3011,0.0,0.4,1.1,0.0,0.6,0.0,0.0,0.0,0.5,6.1,0.0,35.6,1.1,0.2,4.7,0.0,0.0,0.0,7.9,36.4
19-4031,0.0,2.5,1.1,0.1,45.8,4.3,0.0,0.3,0.0,0.0,0.0,28.8,2.3,2.4,4.3,0.9,0.0,0.0,0.0,2.6
19-4041,0.0,44.0,1.3,1.2,2.7,1.3,0.0,1.2,0.0,0.0,0.0,36.1,3.2,1.0,3.0,0.0,0.0,0.0,0.0,1.1
19-4091,0.0,1.5,1.5,0.0,2.0,0.0,0.0,0.0,0.0,0.0,0.0,45.0,0.7,0.0,7.2,1.5,0.0,0.0,1.9,28.1
19-4099,0.0,0.4,0.3,0.3,8.5,1.6,0.3,0.0,0.5,1.2,0.0,19.2,1.4,13.2,25.0,8.5,0.0,0.0,0.6,16.6
23-1011,0.0,0.2,0.1,0.1,0.7,0.3,0.1,0.1,0.9,3.4,0.4,50.2,2.3,1.2,0.6,0.5,0.1,0.0,1.1,17.6
23-2011,0.0,0.1,0.1,0.1,0.5,0.2,0.1,0.1,0.4,3.0,0.3,74.6,2.0,1.6,0.5,0.5,0.0,0.0,0.4,12.1
23-2093,0.0,4.2,0.1,0.5,0.0,0.8,2.4,0.0,1.1,29.1,6.1,38.0,1.1,1.8,0.0,0.0,0.0,0.0,0.0,2.2
23-2099,0.0,0.4,0.0,0.0,0.4,0.2,0.5,0.0,1.0,2.9,0.3,22.9,1.3,0.0,1.3,1.4,0.0,0.0,1.3,58.0
27-3031,0.0,0.2,0.6,0.4,2.2,1.5,1.4,0.4,4.5,4.3,0.9,21.2,4.0,2.6,12.0,7.0,3.3,0.9,20.4,9.3
29-9011,0.0,3.8,2.1,9.7,15.7,2.0,0.2,5.0,0.6,0.9,0.4,10.1,3.9,0.0,4.9,5.3,0.2,0.1,1.8,22.1
29-9012,0.0,4.7,1.2,10.5,18.3,3.5,0.0,6.5,0.0,0.7,0.0,10.1,2.8,5.1,6.6,7.7,0.3,0.0,1.0,14.3
33-1099,0.0,0.1,0.8,0.2,0.9,0.2,5.0,1.3,0.3,0.6,0.7,0.7,1.3,46.1,4.7,5.1,5.0,4.2,1.4,18.4
37-2012,0.0,0.0,0.0,0.1,0.0,0.0,0.1,0.0,0.0,0.0,1.8,0.1,0.1,9.0,0.5,16.4,0.9,31.9,28.4,1.0
37-3011,0.0,0.0,0.0,1.4,0.2,0.2,0.8,0.1,0.0,0.0,2.3,0.9,0.1,46.8,3.0,0.9,8.5,1.5,3.3,7.2
41-1012,0.0,0.1,0.1,0.7,3.5,18.5,7.3,0.6,4.8,11.4,2.2,4.1,2.0,5.5,0.2,0.3,0.4,0.4,0.9,0.2
41-2022,0.0,0.0,0.0,0.4,0.5,20.8,72.3,0.3,0.0,0.0,0.5,0.0,0.3,0.6,0.0,0.0,0.1,0.0,3.8,0.0
41-3099,0.0,0.5,0.3,8.8,1.5,2.8,12.7,4.2,12.7,3.0,2.4,18.4,2.1,15.5,1.5,2.8,2.9,2.8,3.9,0.3
41-4011,0.0,0.4,0.1,1.1,15.8,53.1,2.3,0.1,7.3,0.5,0.5,12.4,1.9,1.0,0.0,0.3,0.0,0.0,0.6,0.0
41-9021,0.0,0.1,0.0,1.0,0.0,0.1,0.0,0.0,0.0,1.3,38.8,0.5,0.5,0.1,0.0,0.0,0.0,0.0,0.0,0.4
41-9022,0.0,0.9,0.2,3.2,0.0,0.0,0.0,0.1,0.0,0.6,34.5,1.0,0.7,0.6,0.0,0.0,0.0,0.0,0.2,1.5
41-9031,0.0,0.1,0.3,1.1,20.4,32.8,0.9,0.2,13.1,0.0,0.3,24.7,4.1,1.2,0.2,0.0,0.0,0.0,0.5,0.0
43-3021,0.0,0.2,0.5,1.6,2.2,4.6,4.5,2.4,1.5,6.4,1.1,11.8,5.4,7.2,1.7,43.9,0.1,0.3,0.9,2.7
43-3051,0.0,0.7,0.3,7.9,6.3,2.7,4.2,3.8,1.4,3.3,1.4,14.3,7.9,10.6,9.5,10.4,0.9,2.1,2.3,8.4
43-3061,0.0,0.4,0.4,2.6,14.8,11.5,7.6,2.1,1.2,1.7,1.6,5.3,6.5,4.6,4.9,8.0,0.4,1.8,2.1,22.3
43-4051,0.0,0.0,1.0,0.9,5.0,7.0,14.1,3.2,4.9,20.5,1.6,6.1,3.4,17.9,1.0,5.9,1.4,0.6,2.3,2.6
43-4071,0.0,0.3,0.2,1.3,2.2,2.0,5.1,1.5,2.6,6.8,1.0,17.8,2.5,9.7,8.1,21.3,0.3,0.1,1.8,13.3
43-4151,0.0,0.1,0.2,0.7,11.3,31.0,29.7,4.3,4.9,0.6,1.1,2.3,2.3,4.4,0.3,0.7,0.1,1.0,0.9,0.2
43-4161,0.0,0.4,0.1,1.3,6.8,2.0,11.3,2.8,2.0,4.5,0.7,7.2,7.7,11.2,8.4,12.9,0.7,1.6,1.7,16.6
43-4171,0.0,0.1,0.0,1.6,1.7,1.6,3.6,0.6,0.5,2.8,2.7,10.5,1.0,4.0,3.6,45.6,4.8,0.7,11.8,1.8
43-4199,0.0,0.1,0.1,0.3,0.7,0.7,2.0,1.0,1.5,4.2,3.0,2.9,2.3,5.2,16.7,8.1,0.3,0.2,1.6,48.7
43-5021,0.0,0.1,0.0,0.6,0.7,1.2,3.3,24.9,0.8,3.4,0.9,8.5,1.5,6.5,1.5,19.3,0.2,0.4,0.8,3.0
43-5032,0.0,1.2,1.2,6.9,3.3,5.2,3.2,43.0,2.0,2.2,1.3,1.9,2.2,9.6,2.0,2.5,0.3,0.8,2.1,7.0
43-5061,0.0,0.7,1.0,4.0,33.0,7.5,3.7,6.7,5.2,1.6,1.2,7.3,4.1,6.1,2.0,7.6,1.2,0.6,1.2,4.7
43-5071,0.0,0.1,0.0,0.5,30.6,22.0,18.2,13.0,0.7,0.2,0.3,2.3,1.0,5.9,0.4,1.1,0.2,0.5,1.2,1.5
43-5081,0.0,0.1,0.2,0.7,4.4,10.4,67.1,5.8,0.2,0.1,0.3,0.9,0.5,3.9,0.4,2.0,0.1,0.5,0.5,1.4
43-5111,0.0,2.7,0.2,0.6,18.4,12.7,9.8,11.8,0.1,0.5,0.2,3.6,1.4,31.3,0.7,1.5,0.0,0.4,0.4,3.0
43-6011,0.0,0.4,0.6,2.8,4.3,2.8,1.3,1.1,2.7,11.7,2.3,12.1,6.0,5.3,15.0,9.5,1.1,0.6,6.5,13.2
43-6012,0.0,0.0,0.1,0.0,0.1,0.0,0.0,0.0,0.3,1.9,0.1,82.8,0.7,1.2,0.3,0.4,0.0,0.0,0.4,10.8
43-9011,0.0,0.3,0.9,0.3,3.2,3.4,3.9,4.7,8.3,10.5,0.4,21.9,5.3,8.6,7.8,4.7,0.2,0.2,1.1,11.8
43-9021,0.0,0.2,0.1,0.9,3.1,6.4,4.3,3.3,7.5,9.6,1.2,14.8,2.2,18.6,5.4,8.4,0.3,0.1,3.1,7.4
43-9051,0.0,0.1,0.2,0.1,5.3,0.8,0.9,2.0,10.5,11.8,0.4,17.8,3.1,25.8,6.1,2.9,0.4,0.2,2.2,9.5
43-9199,0.0,0.2,0.2,0.7,1.8,1.9,2.8,1.3,2.2,5.3,1.1,4.3,3.7,7.1,24.1,8.8,0.5,0.6,3.1,22.8
45-2099,0.0,0.8,2.1,0.5,2.4,13.5,0.0,0.0,0.0,0.0,0.0,4.6,0.0,0.0,2.1,0.0,1.4,0.0,0.0,9.1
47-1011,0.0,4.8,0.6,70.7,1.8,0.4,0.3,0.8,0.3,0.0,0.6,1.2,0.4,2.3,0.6,0.3,0.1,0.0,0.3,6.8
47-2031,0.0,0.1,0.0,62.0,3.1,0.5,0.9,0.2,0.2,0.0,0.5,0.3,0.1,2.1,0.9,0.4,0.0,0.0,0.1,1.0
47-2051,0.0,0.1,0.0,92.4,1.8,0.1,0.1,0.0,0.0,0.0,0.0,0.1,0.1,2.6,0.1,0.0,0.0,0.0,0.0,0.8
47-2071,0.0,0.5,0.0,75.2,3.4,0.0,0.0,0.7,0.0,0.0,0.0,0.0,0.0,1.3,0.0,0.0,0.0,0.0,0.0,17.9
47-2111,0.0,1.0,1.1,71.6,7.2,0.5,0.1,1.0,0.4,0.0,0.2,0.9,0.2,3.0,1.5,0.6,0.4,0.1,0.3,3.4
47-2132,0.0,0.4,0.0,90.5,2.7,0.3,0.0,0.0,0.0,0.0,0.0,0.0,0.0,1.1,0.0,0.0,0.0,0.0,0.5,2.3
47-2141,0.0,0.2,0.0,51.0,1.2,0.2,0.1,0.1,0.1,0.0,1.5,0.2,0.0,1.7,1.5,1.0,0.3,0.5,0.4,2.4
47-2151,0.0,1.9,1.5,68.0,0.0,0.2,0.0,0.0,0.0,0.0,0.0,0.0,0.0,0.8,0.2,0.0,0.0,0.0,0.0,18.6
47-2152,0.0,0.4,1.3,74.5,3.3,0.4,0.2,0.3,0.0,0.0,0.1,0.6,0.1,2.5,1.6,0.5,0.0,0.0,0.6,3.4
47-2171,0.0,0.3,0.0,88.1,7.6,0.0,0.0,0.0,0.0,0.0,0.0,0.0,0.0,0.0,0.0,0.0,0.0,0.0,0.0,0.0
47-2221,0.0,0.3,0.0,85.2,6.7,1.1,0.0,0.0,0.0,0.0,0.3,0.8,0.2,0.0,0.0,0.0,0.0,0.0,0.2,0.7
47-3012,0.0,0.3,0.0,87.9,2.4,0.4,1.0,0.0,0.0,0.0,0.2,0.3,0.2,3.6,0.4,0.3,0.4,0.0,0.9,0.4
47-3013,0.0,0.3,0.2,91.5,0.8,0.1,0.0,0.0,0.0,0.0,0.0,0.2,0.0,0.0,0.3,0.0,0.0,0.0,0.3,1.9
47-3015,0.0,1.1,0.3,90.8,0.9,0.0,0.0,0.0,0.0,0.0,0.0,0.0,0.0,0.0,0.2,0.0,0.0,0.0,0.1,1.1
47-3019,0.0,0.7,0.3,75.6,4.8,0.2,2.0,0.0,0.0,0.0,0.0,1.9,0.0,5.8,1.3,0.3,0.0,0.0,1.0,4.2
47-4011,0.0,0.8,1.5,7.0,0.3,0.0,0.0,0.3,0.0,0.4,1.6,32.1,0.2,1.6,0.6,0.4,0.0,0.0,0.2,44.4
47-4041,0.0,0.7,0.5,6.4,1.5,0.0,0.0,0.2,0.0,0.0,0.0,3.1,0.0,81.3,0.6,0.3,0.0,0.0,0.0,3.9
47-4051,0.0,0.2,0.0,3.4,0.0,0.0,0.0,0.0,0.0,0.0,0.0,0.0,0.0,0.0,0.0,0.0,0.0,0.0,0.0,94.8
47-4061,0.0,0.7,0.0,15.3,0.0,0.0,0.0,53.8,0.0,0.0,0.0,0.0,0.0,0.0,0.0,0.0,0.0,0.0,0.0,28.3
47-4090,0.0,0.6,0.8,52.3,3.3,1.1,3.0,2.0,0.3,0.0,0.0,3.6,0.5,0.0,2.2,1.1,0.0,0.0,0.4,13.5
47-5011,0.0,97.3,0.0,1.1,0.0,0.0,0.0,0.0,0.0,0.0,0.0,0.0,0.0,0.0,0.0,0.0,0.0,0.0,0.0,0.0
47-5012,0.0,91.2,0.0,1.6,4.4,0.0,0.0,0.0,0.0,0.0,0.0,1.0,0.0,0.0,0.0,0.0,0.0,0.0,0.0,0.0
47-5013,0.0,87.5,1.9,0.8,1.7,1.8,0.0,0.0,0.0,0.0,1.6,0.0,0.8,1.2,0.0,0.0,0.0,0.0,0.0,0.0
47-5021,0.0,21.1,0.0,65.6,0.0,0.6,0.0,0.0,0.0,0.0,0.0,8.3,0.3,2.1,0.0,0.0,0.0,0.0,0.0,0.8
47-5031,0.0,21.1,0.0,10.6,11.2,11.2,0.0,0.0,0.0,0.0,0.0,10.3,0.0,2.8,0.0,0.0,0.0,0.0,0.0,29.8
47-5041,0.0,97.4,0.0,0.0,1.2,0.0,0.0,0.0,0.0,0.0,0.0,0.0,0.0,0.0,0.0,0.0,0.0,0.0,0.0,0.0
47-5042,0.0,94.5,0.0,1.6,0.0,0.0,0.0,0.0,0.0,0.0,0.0,0.0,0.0,0.0,0.0,0.0,0.0,0.0,0.0,0.0
47-5049,0.0,79.4,0.0,0.0,0.0,0.0,0.0,0.0,0.0,0.0,0.0,0.0,0.0,0.0,0.0,0.0,0.0,0.0,0.0,0.0
47-5051,0.0,82.1,0.0,0.0,12.5,0.0,0.0,0.0,0.0,0.0,0.0,0.0,0.0,0.0,0.0,0.0,0.0,0.0,0.0,0.0
47-5061,0.0,95.4,0.0,0.0,0.0,0.0,0.0,0.0,0.0,0.0,0.0,0.0,0.0,1.9,0.0,0.0,0.0,0.0,0.0,0.0
47-5071,0.0,82.7,0.4,11.4,0.5,0.7,0.0,1.2,0.0,0.0,0.7,0.6,0.0,0.0,0.0,0.0,0.0,0.0,0.4,0.0
47-5081,0.0,73.6,0.0,17.7,0.0,0.7,0.0,0.0,0.0,0.0,0.0,1.5,0.0,4.7,0.0,0.0,0.0,0.0,0.0,0.0
47-5099,0.0,85.1,0.0,8.3,1.1,1.3,0.0,0.0,0.0,0.0,0.0,0.0,0.0,1.0,0.0,0.0,0.0,0.0,0.0,1.5
49-2022,0.0,0.0,0.2,12.7,0.1,3.1,0.3,0.0,71.0,0.0,0.0,2.9,1.0,3.3,0.5,0.2,0.0,0.0,1.6,1.5
49-2092,0.0,1.8,0.4,3.3,8.3,37.8,6.6,2.9,0.0,0.0,1.5,0.7,0.0,0.8,0.0,0.0,2.6,0.0,22.9,3.3
49-2094,0.0,1.9,1.7,8.1,32.3,10.2,0.4,0.9,1.0,0.0,0.0,6.2,0.4,0.0,1.5,0.3,0.0,0.1,8.6,21.3
49-3023,0.0,0.1,0.2,0.4,0.4,2.4,43.0,1.4,0.1,0.1,0.9,0.3,0.1,0.8,0.3,0.2,0.5,0.1,30.5,3.3
49-3093,0.0,0.2,0.0,0.0,1.2,2.9,85.2,0.9,0.0,0.0,0.7,0.1,0.1,0.3,0.0,0.0,0.0,0.0,6.7,0.3
49-9012,0.0,3.7,38.1,9.6,3.8,8.8,3.0,3.9,0.0,0.0,0.0,1.9,1.1,0.0,0.3,0.0,0.0,0.0,2.3,14.7
49-9041,0.0,4.5,2.8,1.9,52.8,11.6,0.2,1.6,0.1,0.0,1.3,0.7,0.6,2.3,0.2,0.1,0.0,0.0,11.8,3.7
49-9043,0.0,4.8,1.0,3.0,62.8,5.1,1.0,4.9,0.2,0.0,1.6,1.5,0.6,3.3,0.9,0.4,0.7,0.1,4.5,3.7
49-9044,0.0,1.0,0.1,47.2,33.8,2.5,0.4,0.7,0.0,0.0,0.0,1.4,0.2,7.4,0.0,0.0,0.0,0.0,4.8,0.4
49-9051,0.0,0.1,48.2,32.0,0.0,0.0,0.0,0.3,0.1,0.0,0.0,0.8,0.7,0.7,0.1,0.0,0.0,0.0,0.0,14.1
49-9069,0.0,1.3,0.9,0.5,11.2,21.4,0.0,1.8,0.0,0.0,0.0,8.9,0.9,2.0,2.3,0.0,0.0,0.0,14.9,22.2
49-9096,0.0,8.3,0.3,25.9,19.8,1.3,1.9,11.2,2.0,0.0,2.6,1.9,0.0,4.5,0.0,0.0,6.5,0.0,1.3,8.4
49-9099,0.0,0.7,0.6,11.9,8.4,14.3,13.7,2.1,0.4,0.0,2.2,2.6,0.6,12.3,0.6,0.3,3.0,0.5,4.0,9.4
51-1011,0.0,1.0,2.0,1.1,72.6,4.3,3.8,0.9,0.4,0.0,0.1,1.9,0.7,1.9,0.3,0.7,0.1,0.3,2.6,3.8
51-2098,0.0,0.0,0.0,0.4,73.2,4.3,1.7,0.4,0.0,0.0,0.0,0.8,0.1,17.0,0.0,0.7,0.0,0.0,0.2,0.0
51-4011,0.0,0.0,0.0,0.1,95.3,0.6,0.0,0.0,0.0,0.0,0.0,1.0,0.1,1.9,0.0,0.0,0.0,0.0,0.1,0.0
51-4023,0.0,0.3,0.0,1.4,91.6,2.9,0.0,0.0,0.0,0.0,0.0,0.0,0.0,3.1,0.0,0.0,0.0,0.0,0.2,0.0
51-4032,0.0,2.3,0.0,3.2,84.3,0.0,0.0,0.0,0.0,0.0,0.0,0.0,0.0,5.3,0.0,0.0,0.0,0.0,0.0,0.0
51-4035,0.0,3.1,0.0,1.5,84.5,4.9,0.0,0.0,0.0,0.0,0.0,0.0,0.5,4.8,0.0,0.0,0.0,0.0,0.0,0.0
51-4041,0.0,0.3,0.2,0.4,81.5,3.9,0.2,1.5,0.0,0.0,0.2,1.2,0.2,5.4,0.2,0.0,0.0,0.0,2.1,1.3
51-4111,0.0,0.1,0.0,0.0,93.6,1.0,0.0,0.1,0.0,0.0,0.0,0.7,0.3,2.2,0.0,0.0,0.0,0.0,0.1,0.6
51-4121,0.0,1.5,0.5,12.1,62.7,3.8,0.3,1.5,0.0,0.0,0.2,0.7,0.2,4.3,0.1,0.0,0.1,0.0,3.9,1.2
51-4191,0.0,0.3,0.0,0.0,93.5,1.5,0.0,0.0,0.0,0.0,0.0,0.5,0.0,2.2,0.0,0.0,0.0,0.0,0.0,0.3
51-8013,0.0,0.2,71.2,0.6,1.4,0.0,0.0,0.2,0.0,0.0,0.0,0.0,1.4,1.5,4.0,1.3,0.0,0.0,0.4,17.1
51-8031,0.0,0.3,11.4,0.6,3.3,0.2,0.0,0.1,0.0,0.0,0.0,1.1,0.0,3.6,0.4,0.1,0.1,0.1,0.3,78.3
51-8092,0.0,10.6,41.1,0.0,4.7,0.8,0.0,33.2,0.0,0.0,0.0,0.0,1.0,0.0,0.0,0.0,0.0,0.0,0.0,8.0
51-8093,0.0,16.6,1.1,0.0,53.2,6.8,0.2,16.6,0.0,0.0,0.0,0.9,1.3,0.0,0.0,0.0,0.0,0.0,0.0,2.1
51-8099,0.0,12.5,3.8,7.6,26.3,4.0,0.0,0.8,0.0,0.0,0.0,1.4,1.6,10.3,1.5,0.7,0.0,0.0,0.0,28.6
51-9012,0.0,2.9,0.0,0.0,84.0,2.7,0.3,0.2,0.0,0.0,0.0,0.6,0.2,2.2,0.0,0.0,0.0,3.5,0.0,0.0
51-9021,0.0,14.2,0.0,4.3,65.4,6.8,0.8,0.7,0.0,0.0,0.0,0.3,0.5,3.4,0.0,0.0,0.0,0.0,0.8,0.9
51-9023,0.0,1.0,0.0,0.8,83.7,7.3,1.1,0.1,0.0,0.0,0.0,0.5,0.4,0.0,0.0,0.0,0.0,0.0,0.1,0.1
51-9032,0.0,0.7,0.0,4.1,83.0,5.4,0.9,0.6,0.0,0.0,0.0,0.4,0.1,2.8,0.0,0.2,0.0,0.0,0.0,0.0
51-9041,0.0,0.1,0.0,0.8,94.6,1.0,0.0,0.0,0.0,0.0,0.0,0.0,0.1,3.0,0.0,0.0,0.0,0.0,0.0,0.0
51-9051,0.0,5.8,0.0,0.0,66.4,0.9,0.0,0.0,0.0,0.0,0.0,0.0,0.0,2.5,0.0,0.0,0.0,0.0,0.0,0.0
51-9061,0.0,1.3,0.4,0.9,62.1,5.8,1.6,2.8,0.3,0.1,0.1,9.0,0.6,10.2,0.1,0.5,0.0,0.1,1.5,1.1
51-9111,0.0,0.3,0.0,0.0,70.9,9.1,0.8,1.5,0.2,0.0,0.0,0.4,0.2,16.4,0.0,0.1,0.0,0.0,0.1,0.0
51-9121,0.0,0.4,0.0,2.2,88.1,1.7,0.0,0.2,0.0,0.0,0.0,0.3,0.1,3.0,0.0,0.1,0.0,0.0,0.6,0.2
51-9195,0.0,0.3,0.0,6.7,72.0,2.2,2.5,0.0,0.0,0.0,0.0,0.7,0.3,5.7,0.0,0.0,0.0,0.0,0.0,0.2
51-9198,0.0,0.7,0.2,2.2,58.7,1.2,0.6,0.4,0.4,0.0,0.0,0.7,0.2,30.5,0.0,0.2,0.0,0.1,3.0,0.2
51-9199,0.0,0.7,0.3,0.6,42.1,6.4,2.0,1.0,0.5,0.1,0.2,1.3,0.3,35.0,0.4,2.1,0.1,0.1,0.9,1.3
53-2012,0.0,0.6,0.2,0.5,4.1,1.0,0.1,49.7,0.0,0.8,1.1,3.6,2.7,1.5,12.5,10.2,0.3,0.0,0.7,2.3
53-3033,0.0,0.1,0.0,1.6,4.6,18.0,21.5,29.7,0.5,0.0,2.9,0.5,0.5,3.3,0.4,1.6,0.1,4.5,2.0,0.8
53-4013,0.0,2.4,0.0,0.0,2.2,0.0,0.0,91.4,0.0,0.0,0.0,0.0,0.0,0.0,0.0,0.0,0.0,0.0,0.0,2.4
53-5011,0.0,1.0,0.0,1.5,0.8,0.0,0.0,79.3,0.0,0.0,1.4,0.6,0.0,1.2,0.5,0.0,1.4,0.0,0.0,11.7
53-5021,0.0,1.1,0.0,2.6,0.8,0.2,0.0,78.1,0.0,0.0,1.9,0.2,0.0,1.1,0.7,0.0,1.2,1.1,0.4,6.5
53-7011,0.0,4.9,0.0,0.0,35.4,29.6,0.0,23.8,0.0,0.0,0.0,0.0,0.8,3.6,0.0,0.0,0.0,0.0,0.0,0.0
53-7021,0.0,3.0,0.3,39.2,22.1,9.2,0.3,13.8,0.0,0.0,1.9,0.0,0.4,2.0,0.0,0.0,0.0,0.0,0.5,2.8
53-7031,0.0,37.7,0.0,40.8,0.0,0.0,0.0,0.0,0.0,0.0,0.0,0.0,0.0,0.0,0.0,0.0,0.0,0.0,0.0,7.2
53-7032,0.0,22.9,1.2,49.4,4.2,3.8,0.2,1.9,0.0,0.0,0.0,0.9,0.6,4.5,0.0,0.0,0.0,0.0,0.9,2.6
53-7033,0.0,75.0,0.0,7.4,3.2,0.0,0.0,0.0,0.0,0.0,0.0,0.0,0.0,0.0,0.0,0.0,0.0,0.0,0.0,0.0
53-7061,0.0,0.1,0.0,0.3,6.6,3.4,25.7,6.9,0.0,0.0,5.8,0.2,0.1,0.0,0.1,0.1,0.4,0.0,37.9,1.6
53-7063,0.0,0.2,0.0,0.0,72.4,3.3,1.2,13.8,3.2,0.0,0.0,0.0,0.0,4.1,0.0,0.2,0.0,0.0,1.2,0.0
53-7064,0.0,0.0,0.0,0.0,22.9,10.2,25.6,12.4,0.5,0.0,0.0,0.5,0.3,23.0,0.0,0.7,0.0,0.3,0.6,0.1
53-7071,0.0,10.0,17.7,0.0,3.0,13.9,0.0,43.4,0.0,0.0,0.0,0.0,1.7,0.0,0.0,0.0,0.0,0.0,0.0,2.9
53-7072,0.0,43.1,0.5,10.3,6.7,8.6,1.0,13.8,0.0,0.0,0.0,0.0,0.9,4.5,0.0,0.0,0.0,0.0,0.0,2.0
53-7073,0.0,92.5,0.0,0.0,0.0,0.0,0.0,0.0,0.0,0.0,0.0,0.0,0.0,0.0,0.0,0.0,0.0,0.0,0.0,0.0
53-7111,0.0,95.5,0.0,0.0,0.0,0.0,0.0,0.0,0.0,0.0,0.0,0.0,0.0,0.0,0.0,0.0,0.0,0.0,0.0,0.0
53-7121,0.0,6.6,0.0,0.0,15.8,13.8,0.0,55.0,0.0,0.0,0.0,0.0,0.0,3.2,0.0,0.0,0.0,0.0,0.0,0.8
53-7199,0.0,1.0,0.7,1.6,7.5,11.9,25.3,23.6,0.0,0.0,7.1,2.1,0.0,6.3,0.3,0.4,0.0,0.3,2.8,7.3
11-1961,0.0,0.0,2.8,0.0,1.1,0.0,0.0,0.9,0.0,0.0,0.0,0.0,0.0,0.0,0.0,0.0,0.0,0.0,0.0,0.0
13-1031,0.0,0.0,0.1,0.0,0.0,0.0,0.2,0.2,0.1,72.1,0.1,1.3,2.1,2.6,0.1,0.5,0.0,0.0,0.2,18.2
13-1075,0.0,0.0,0.3,0.3,1.8,0.2,0.3,1.2,0.5,1.7,0.0,1.2,2.3,0.7,1.5,1.2,0.2,0.1,81.4,3.1
13-1151,0.0,0.0,1.1,0.6,6.7,3.6,3.0,3.6,4.4,10.8,1.0,13.0,6.7,7.4,11.4,11.8,0.7,2.3,3.9,6.9
13-2041,0.0,0.0,0.3,0.1,2.9,5.6,1.9,0.4,1.4,67.5,0.7,1.5,13.4,3.1,0.4,0.3,0.0,0.0,0.2,0.4
15-1134,0.0,0.0,0.1,0.2,2.5,2.9,4.9,0.5,15.5,4.8,0.7,29.3,4.3,4.0,6.9,1.4,0.6,0.0,4.3,1.3
17-2061,0.0,0.0,0.3,0.0,27.8,4.9,0.1,0.0,4.9,0.4,0.3,42.7,3.8,1.8,0.6,0.1,0.0,0.0,0.0,8.3
17-2161,0.0,0.0,35.1,0.0,8.1,0.0,0.0,0.0,0.0,0.0,0.0,24.0,0.8,4.4,2.8,0.0,0.0,0.0,0.0,18.0
17-3011,0.0,0.0,0.3,9.7,6.1,0.9,0.6,0.0,0.1,0.0,0.3,75.2,0.9,1.5,0.5,0.1,0.0,0.0,0.1,2.1
17-3012,0.0,0.0,7.7,15.9,24.9,1.5,0.0,0.3,4.7,0.0,0.0,36.0,2.0,3.9,0.0,0.0,0.0,0.0,0.0,1.1
19-2099,0.0,0.0,0.3,0.0,4.5,0.0,0.0,0.0,0.0,0.0,0.0,18.0,0.0,1.6,11.9,0.0,0.0,0.0,0.0,51.0
19-3051,0.0,0.0,0.2,0.4,0.0,0.0,0.0,0.0,0.0,0.0,0.0,14.6,0.2,0.2,0.9,0.0,0.0,0.0,0.6,82.2
19-4051,0.0,0.0,57.9,0.0,7.8,0.0,0.0,0.0,0.0,0.0,0.0,13.3,0.0,13.3,1.6,0.7,0.0,0.0,0.0,0.0
27-1024,0.0,0.0,0.1,0.5,14.6,5.6,3.8,0.1,8.8,1.5,0.7,27.0,3.0,2.7,3.0,0.6,1.0,0.1,2.8,1.6
27-3042,0.0,0.0,0.5,0.4,15.0,2.8,0.6,1.0,10.7,3.6,0.0,35.6,2.5,9.1,3.3,1.8,1.0,0.0,2.3,3.2
29-1141,0.0,0.0,0.0,0.0,0.1,0.1,0.1,0.0,0.0,1.5,0.0,0.4,0.5,2.1,2.8,86.1,0.0,0.0,0.5,5.3
33-2011,0.0,0.0,0.0,0.0,0.2,0.0,0.0,0.1,0.0,0.0,0.0,0.0,0.0,4.2,0.1,0.2,0.2,0.0,0.0,94.7
33-9021,0.0,0.0,0.3,0.0,0.9,0.0,0.0,2.7,1.0,10.0,0.0,10.2,6.2,38.4,0.7,0.2,0.0,0.2,1.8,7.9
33-9099,0.0,0.0,0.1,0.1,0.4,0.1,0.0,18.6,0.1,0.4,0.1,1.3,0.6,0.0,40.6,2.5,0.9,0.5,1.1,20.4
37-1012,0.0,0.0,0.1,0.8,0.0,0.1,0.4,0.0,0.0,0.0,0.7,0.6,0.1,32.4,2.0,0.5,5.7,1.2,1.7,5.2
37-3013,0.0,0.0,1.6,2.5,0.0,0.0,0.0,0.0,0.0,0.0,0.0,0.0,0.0,64.8,0.3,0.0,0.2,0.0,0.4,5.1
41-1011,0.0,0.0,0.0,0.1,0.3,1.1,68.3,0.1,0.3,0.3,1.6,0.2,0.3,0.3,0.2,0.3,0.6,0.6,0.6,0.4
41-2011,0.0,0.0,0.0,0.0,0.6,0.6,81.6,0.1,0.4,0.2,0.1,0.0,0.1,0.6,0.4,0.4,1.6,10.6,1.0,1.0
41-2031,0.0,0.0,0.0,0.2,0.9,1.3,89.9,0.1,0.2,0.4,0.3,0.2,0.1,0.8,0.0,0.4,1.0,0.4,0.5,0.2
41-3031,0.0,0.0,0.1,0.0,0.0,0.2,0.8,0.0,0.2,90.2,0.0,0.6,2.9,0.2,0.0,0.0,0.0,0.0,0.0,0.0
41-9099,0.0,0.0,0.1,1.2,3.0,11.3,43.4,0.5,2.8,6.9,1.6,5.1,2.3,5.0,0.5,1.2,0.7,0.9,2.0,0.6
43-3011,0.0,0.0,0.6,0.4,1.3,3.6,2.5,1.7,2.4,21.0,1.9,7.7,6.1,36.1,1.1,9.5,0.1,0.1,0.5,1.9
43-4041,0.0,0.0,0.4,0.2,2.7,12.1,12.9,0.4,1.9,42.2,1.5,2.4,10.8,8.1,0.3,2.4,0.0,0.4,0.7,0.4
43-5041,0.0,0.0,34.0,1.0,0.0,0.0,0.0,0.4,0.0,0.0,0.0,0.0,0.8,0.0,0.0,0.0,0.0,0.0,0.0,39.7
43-9022,0.0,0.0,0.1,0.0,0.3,0.2,0.2,0.5,1.2,2.8,0.4,6.7,0.4,8.0,23.8,3.7,0.0,0.0,0.4,41.6
43-9071,0.0,0.0,0.1,0.1,3.7,4.3,5.6,3.6,10.3,12.6,0.0,8.2,2.8,27.8,5.5,6.5,0.4,0.2,1.1,4.2
47-2231,0.0,0.0,4.3,87.9,0.0,0.0,0.0,0.0,0.0,0.0,0.0,0.0,0.0,0.8,0.0,0.0,0.0,0.0,0.0,0.0
49-2021,0.0,0.0,0.5,17.8,1.8,9.3,4.3,2.2,36.6,0.0,0.0,3.5,0.9,1.4,0.0,0.0,0.0,0.0,10.6,9.6
49-2095,0.0,0.0,66.1,3.0,1.8,1.2,0.0,2.0,0.0,0.0,0.0,2.0,2.2,0.0,0.5,0.0,0.0,0.0,2.7,14.8
49-3041,0.0,0.0,0.5,0.3,1.4,57.4,4.2,0.3,0.0,0.0,0.5,0.1,0.2,1.0,0.4,0.0,0.0,0.0,4.3,0.2
49-9021,0.0,0.0,0.4,67.0,2.0,3.3,3.5,0.4,0.1,0.1,0.6,0.5,0.3,0.0,3.5,1.3,0.2,0.2,2.4,2.8
49-9031,0.0,0.0,1.6,2.8,0.5,4.3,32.0,0.6,0.0,0.0,1.4,0.0,0.0,0.9,0.2,0.0,0.0,0.0,30.4,0.3
49-9052,0.0,0.0,1.4,31.7,0.2,0.2,0.0,0.0,56.0,0.0,0.0,3.3,0.3,0.0,0.1,0.1,0.0,0.0,0.1,1.3
49-9081,0.0,0.0,35.6,12.7,1.1,4.4,0.0,0.0,0.0,0.0,0.0,3.1,0.0,0.0,0.0,0.0,0.0,0.0,26.2,0.0
51-8011,0.0,0.0,79.6,0.0,0.0,0.0,0.0,0.0,0.0,0.0,0.0,5.1,0.0,0.0,1.2,0.0,0.0,0.0,0.0,9.5
51-8012,0.0,0.0,65.8,0.6,1.1,0.0,0.0,2.1,0.0,0.0,0.0,0.0,8.7,0.0,2.0,0.0,0.0,0.0,0.0,19.0
51-8021,0.0,0.0,4.1,2.6,18.7,0.3,0.0,1.0,0.0,0.3,5.8,1.8,0.6,6.1,15.7,17.5,0.4,2.1,0.7,21.0
51-8091,0.0,0.0,0.2,0.0,92.5,1.5,0.0,0.0,0.0,0.0,0.0,3.9,0.0,0.6,0.0,0.0,0.0,0.0,0.0,0.0
53-3031,0.0,0.0,0.0,0.1,4.0,23.7,9.4,2.5,0.8,0.0,0.4,0.2,0.2,0.0,0.1,0.2,0.0,46.7,3.8,0.1
11-2020,0.0,0.0,0.0,0.5,2.8,5.7,3.3,0.3,0.0,0.0,0.0,0.0,0.0,0.0,0.0,0.0,0.0,0.0,0.0,0.0
11-1951,0.0,0.0,0.0,0.1,0.0,0.0,0.1,0.0,0.0,0.0,0.0,0.0,0.0,0.0,0.0,0.0,0.0,0.0,0.0,0.0
13-1131,0.0,0.0,0.0,0.2,0.1,0.1,0.4,0.0,1.4,0.5,0.0,2.6,2.5,2.7,22.9,15.8,5.5,0.4,43.4,0.6
13-2021,0.0,0.0,0.0,0.1,0.0,0.0,0.0,0.0,0.0,6.5,28.3,2.6,0.8,0.4,0.0,0.1,0.0,0.0,0.0,35.0
13-2052,0.0,0.0,0.0,0.0,0.0,0.1,0.0,0.0,0.1,69.3,0.2,2.0,2.1,0.0,0.1,0.3,0.0,0.0,0.1,0.2
13-2072,0.0,0.0,0.0,0.1,0.0,0.1,4.1,0.0,0.3,83.3,0.0,1.2,5.1,0.6,0.2,0.1,0.0,0.0,0.1,1.5
17-1011,0.0,0.0,0.0,2.7,0.4,0.3,0.0,0.0,0.2,0.1,0.0,70.3,0.7,0.7,0.9,0.1,0.1,0.0,0.0,2.7
17-1012,0.0,0.0,0.0,1.2,0.0,0.0,1.5,0.0,0.0,0.0,0.4,54.9,0.0,13.1,0.8,0.0,0.6,0.0,0.0,7.4
21-1099,0.0,0.0,0.0,0.1,0.0,0.0,0.0,0.0,0.0,0.4,0.4,0.5,1.4,0.0,8.1,33.7,0.3,0.0,12.4,40.9
25-3021,0.0,0.0,0.0,0.0,0.0,0.0,2.7,0.1,0.1,0.0,0.0,0.2,0.2,0.0,43.2,4.0,7.2,0.4,16.5,2.6
25-9031,0.0,0.0,0.0,0.0,0.0,0.1,0.1,0.0,1.1,0.2,0.0,2.7,0.6,0.5,75.2,5.6,1.4,0.0,2.2,7.1
27-1021,0.0,0.0,0.0,1.9,31.4,9.9,2.9,0.1,0.9,0.0,0.0,19.5,6.2,2.8,0.2,0.0,0.2,0.0,0.2,0.3
27-1025,0.0,0.0,0.0,5.7,1.1,5.7,12.9,0.0,0.0,0.1,1.1,46.0,1.8,0.0,0.5,0.3,0.1,0.1,0.0,0.6
27-1026,0.0,0.0,0.0,0.1,4.7,18.8,26.3,0.7,0.0,0.0,0.0,17.4,3.8,0.0,0.0,0.0,0.1,0.1,0.0,0.0
27-1029,0.0,0.0,0.0,4.3,8.2,6.3,7.5,0.0,9.7,0.0,1.1,18.4,6.2,0.0,2.1,0.0,2.1,0.0,1.7,0.5
27-4011,0.0,0.0,0.0,2.0,0.5,0.6,0.8,0.0,19.7,0.1,16.3,5.6,0.4,5.8,9.1,0.8,13.3,3.5,11.3,2.4
27-4014,0.0,0.0,0.0,0.4,0.8,0.0,0.5,0.0,51.2,0.0,3.5,4.5,0.0,1.1,5.3,0.0,13.5,0.0,6.6,0.6
27-4021,0.0,0.0,0.0,0.0,0.3,0.6,2.1,0.2,6.3,0.0,0.3,21.6,0.5,0.5,0.9,0.4,1.9,0.1,0.6,0.4
33-2021,0.0,0.0,0.0,0.6,0.9,0.0,0.0,0.0,0.0,0.0,0.0,1.2,0.0,4.3,2.1,0.0,0.0,0.0,0.0,85.7
33-9091,0.0,0.0,0.0,4.7,0.1,0.1,0.0,0.1,0.0,0.0,0.1,0.0,0.0,30.6,11.4,0.0,0.1,0.0,0.7,51.7
35-1011,0.0,0.0,0.0,0.0,1.1,0.3,2.2,0.1,0.1,0.0,0.3,0.1,0.8,0.0,1.8,4.1,6.5,72.6,2.7,2.4
35-1012,0.0,0.0,0.0,0.0,0.4,0.0,3.5,0.0,0.4,0.0,0.1,0.1,0.5,0.7,4.0,3.1,1.6,82.4,0.7,1.1
35-2012,0.0,0.0,0.0,0.0,0.1,0.1,0.9,0.4,0.1,0.0,0.5,0.0,0.2,1.4,30.9,39.6,0.7,16.4,3.4,4.6
35-2014,0.0,0.0,0.0,0.0,0.3,0.0,0.7,0.0,0.1,0.0,0.0,0.0,0.0,0.5,0.0,0.1,2.7,94.2,0.5,0.7
35-3011,0.0,0.0,0.0,0.0,1.8,0.0,0.4,0.1,0.3,0.0,0.2,0.0,0.1,0.8,0.0,0.0,6.0,82.3,6.6,1.0
35-3021,0.0,0.0,0.0,0.0,0.2,0.1,5.0,0.0,0.2,0.0,0.1,0.1,0.1,0.4,4.4,1.6,0.8,86.3,0.2,0.6
35-3031,0.0,0.0,0.0,0.0,0.4,0.0,0.5,0.0,0.1,0.0,0.1,0.0,0.0,0.9,0.1,0.6,3.5,92.1,0.6,0.5
35-9011,0.0,0.0,0.0,0.0,0.3,0.0,0.6,0.1,0.1,0.0,0.2,0.1,0.1,1.2,2.7,2.8,5.1,84.4,1.1,1.2
35-9021,0.0,0.0,0.0,0.0,0.7,0.0,1.5,0.0,0.1,0.0,0.2,0.0,0.0,1.4,0.5,3.2,2.9,87.3,1.0,0.7
35-9031,0.0,0.0,0.0,0.0,0.3,0.0,0.4,0.0,0.1,0.0,0.1,0.0,0.0,0.3,0.0,0.9,1.9,94.6,0.2,0.8
37-1011,0.0,0.0,0.0,0.3,0.6,0.2,0.3,0.2,0.1,0.1,1.2,0.2,0.2,24.1,9.2,7.9,1.5,14.3,3.2,3.3
37-2019,0.0,0.0,0.0,6.5,0.5,0.5,0.0,0.0,0.0,0.0,0.5,0.0,0.0,75.2,1.7,0.0,0.5,2.1,0.9,3.2
37-2021,0.0,0.0,0.0,0.1,0.1,0.0,0.0,0.1,0.0,0.0,0.1,0.0,0.3,0.0,0.6,0.1,0.2,0.0,0.0,2.1
37-3012,0.0,0.0,0.0,0.5,0.0,13.1,0.8,0.0,0.0,0.0,0.5,0.4,0.0,37.3,0.4,0.3,1.2,0.6,0.5,7.8
37-3019,0.0,0.0,0.0,1.0,0.6,0.3,0.0,0.0,0.0,0.0,10.7,0.0,0.0,17.2,4.0,2.0,5.2,3.2,3.7,34.5
39-3091,0.0,0.0,0.0,0.1,0.0,0.0,0.4,0.2,0.5,0.0,1.1,0.0,0.0,1.3,2.6,0.5,71.2,5.4,2.7,12.8
39-6012,0.0,0.0,0.0,0.2,0.0,0.0,0.0,0.4,0.0,0.3,19.9,0.0,0.5,4.4,0.2,14.0,7.5,35.6,14.8,0.9
39-9031,0.0,0.0,0.0,0.0,0.0,0.0,0.1,0.0,0.0,0.0,0.2,0.1,0.2,0.0,6.3,4.1,59.8,0.8,12.8,3.9
39-9032,0.0,0.0,0.0,0.0,0.0,0.0,0.1,0.0,0.0,0.0,0.6,0.0,0.2,0.5,6.5,26.4,10.6,3.1,14.1,30.8
41-2021,0.0,0.0,0.0,0.3,0.3,4.9,17.1,0.5,0.0,0.1,50.9,0.2,0.3,3.0,0.1,0.1,4.3,0.7,16.6,0.4
41-9011,0.0,0.0,0.0,2.8,14.2,12.7,11.5,1.0,0.2,0.0,0.3,35.2,0.7,12.9,0.0,0.0,0.5,0.9,0.2,0.2
41-9041,0.0,0.0,0.0,2.0,0.4,2.6,4.5,0.2,4.3,7.0,0.7,8.4,1.2,64.0,0.5,0.4,0.3,0.3,2.9,0.0
41-9091,0.0,0.0,0.0,2.8,0.0,0.3,1.9,0.1,4.1,0.0,0.0,1.4,0.0,0.0,0.0,0.0,0.0,0.0,0.2,0.0
43-2011,0.0,0.0,0.0,0.2,0.8,1.4,8.0,0.8,1.0,3.2,0.6,2.9,2.0,27.6,2.3,34.3,0.9,6.9,1.7,5.3
43-3099,0.0,0.0,0.0,0.2,0.4,0.5,4.8,0.4,0.4,41.8,2.7,3.6,10.4,0.0,5.2,5.4,0.4,0.0,2.5,4.2
43-4131,0.0,0.0,0.0,0.1,0.0,0.0,0.9,0.0,0.2,83.9,1.8,2.7,7.1,2.4,0.3,0.0,0.0,0.0,0.1,0.2
45-2091,0.0,0.0,0.0,0.1,1.6,11.3,0.9,0.7,0.0,0.0,0.0,0.3,0.1,1.0,0.4,0.0,0.0,0.0,0.0,0.3
45-2092,0.0,0.0,0.0,0.0,1.4,3.1,3.4,0.1,0.0,0.0,0.0,0.2,0.0,0.0,0.7,0.2,0.2,0.0,0.2,0.2
45-2093,0.0,0.0,0.0,0.1,1.4,3.5,0.0,0.4,0.0,0.0,0.1,0.3,0.1,0.6,0.6,0.0,0.5,0.5,0.2,0.7
47-2011,0.0,0.0,0.0,59.7,15.2,2.3,0.0,1.2,0.0,0.0,0.0,2.1,0.0,3.3,1.2,0.6,0.0,0.0,6.1,3.9
47-2021,0.0,0.0,0.0,67.9,0.8,0.4,0.0,0.2,0.0,0.0,0.0,0.0,0.1,1.1,0.3,0.0,0.0,0.0,0.0,0.9
47-2022,0.0,0.0,0.0,58.3,7.7,0.0,0.9,0.0,0.0,0.0,0.0,0.0,0.0,3.2,0.0,0.0,0.0,0.0,0.0,0.0
47-2041,0.0,0.0,0.0,46.1,0.6,1.3,21.7,0.0,0.0,0.0,0.0,0.0,0.0,0.8,0.0,0.0,0.0,0.2,0.0,0.3
47-2042,0.0,0.0,0.0,57.7,1.3,0.6,10.9,0.0,0.0,0.0,0.0,0.0,0.0,0.0,0.0,0.0,0.0,0.0,0.0,0.0
47-2043,0.0,0.0,0.0,62.1,1.3,0.0,6.5,0.0,0.0,0.0,0.0,0.0,0.0,1.1,0.0,0.0,0.0,0.0,0.0,0.0
47-2044,0.0,0.0,0.0,60.4,6.2,1.6,2.5,0.0,0.0,0.0,0.0,0.0,0.0,0.4,0.1,0.0,0.0,0.0,0.0,0.2
47-2053,0.0,0.0,0.0,97.2,0.0,0.0,0.0,0.0,0.0,0.0,0.0,0.0,0.0,0.0,0.0,0.0,0.0,0.0,0.0,0.0
47-2072,0.0,0.0,0.0,92.7,0.0,0.0,0.0,0.0,0.0,0.0,0.0,0.0,0.0,0.0,0.0,0.0,0.0,0.0,0.0,2.7
47-2081,0.0,0.0,0.0,84.2,0.5,0.2,0.0,0.0,0.0,0.0,0.0,0.0,0.0,1.0,0.0,0.0,0.0,0.0,0.0,0.0
47-2082,0.0,0.0,0.0,85.9,0.0,0.0,0.0,0.0,0.0,0.0,0.0,0.0,0.0,0.0,0.0,0.0,0.0,0.0,0.0,0.0
47-2121,0.0,0.0,0.0,75.8,3.5,0.9,11.8,0.0,0.0,0.0,0.0,0.0,0.0,0.9,0.3,0.0,0.0,0.0,1.7,0.2
47-2131,0.0,0.0,0.0,92.0,1.4,0.2,0.6,0.0,0.0,0.0,0.0,0.0,0.0,0.0,0.2,0.3,0.0,0.0,0.7,0.0
47-2142,0.0,0.0,0.0,27.6,0.0,0.0,0.0,0.0,0.0,0.0,0.0,27.4,0.0,0.0,0.0,0.0,0.0,0.0,0.0,0.0
47-2161,0.0,0.0,0.0,85.9,0.3,0.0,0.0,0.0,0.7,0.0,0.0,0.0,0.0,0.9,0.6,0.3,0.0,0.0,0.0,1.7
47-2181,0.0,0.0,0.0,78.3,0.3,0.0,0.0,0.0,0.0,0.0,0.0,0.0,0.0,1.0,0.3,0.0,0.0,0.0,0.0,0.2
47-2211,0.0,0.0,0.0,60.7,21.7,1.3,0.0,1.2,0.0,0.0,0.0,0.2,0.1,2.7,0.4,0.0,0.0,0.0,0.2,5.3
47-3011,0.0,0.0,0.0,94.4,1.3,1.2,0.6,0.0,0.0,0.0,0.0,0.0,0.0,0.6,0.0,0.0,0.0,0.0,0.0,0.3
47-3014,0.0,0.0,0.0,92.9,0.6,0.0,0.0,0.0,0.0,0.0,0.0,0.0,0.0,2.8,0.0,0.0,0.0,0.0,0.5,0.0
47-3016,0.0,0.0,0.0,98.1,0.0,0.0,0.0,0.0,0.0,0.0,0.0,0.0,0.0,0.0,0.0,0.0,0.0,0.0,0.0,0.0
47-4021,0.0,0.0,0.0,91.0,2.0,3.6,0.0,0.0,0.0,0.0,0.0,0.0,0.0,0.0,0.8,0.0,0.0,0.0,0.0,1.9
47-4031,0.0,0.0,0.0,65.8,0.8,1.2,3.2,0.0,0.0,0.0,2.7,0.0,0.0,1.2,0.0,0.0,0.0,0.0,0.0,0.0
47-4071,0.0,0.0,0.0,8.8,0.4,0.0,0.0,0.0,0.0,0.0,0.0,0.9,0.0,56.9,0.0,0.0,0.0,0.0,0.0,26.7
49-2011,0.0,0.0,0.0,0.7,1.4,30.9,24.3,0.1,0.5,0.9,1.3,6.9,0.9,3.5,1.7,0.1,0.1,0.0,16.1,0.9
49-2093,0.0,0.0,0.0,4.0,8.6,3.4,3.3,40.2,0.0,0.0,0.0,3.9,0.0,0.0,0.8,0.0,0.7,0.0,8.8,23.4
49-2097,0.0,0.0,0.0,23.7,0.5,5.4,28.3,0.0,6.5,0.0,1.3,0.9,1.9,0.8,0.0,0.0,0.0,0.0,13.6,0.4
49-2098,0.0,0.0,0.0,25.6,0.1,6.1,0.4,0.0,0.7,0.0,0.0,0.6,0.1,59.0,0.8,0.2,0.0,0.0,0.0,0.4
49-3022,0.0,0.0,0.0,2.0,0.0,0.6,4.1,0.0,0.0,0.0,0.0,0.0,0.0,0.0,0.0,0.0,0.0,0.0,90.1,0.0
49-3051,0.0,0.0,0.0,0.3,4.5,1.4,40.8,3.7,0.0,0.0,0.7,0.0,0.0,0.5,0.0,0.0,18.6,0.0,19.7,0.7
49-3053,0.0,0.0,0.0,1.0,0.9,6.6,41.9,0.0,0.0,0.0,3.9,0.1,0.0,11.9,1.0,0.2,11.2,1.2,7.7,3.3
49-9011,0.0,0.0,0.0,71.7,1.4,3.8,21.4,0.0,0.0,0.0,0.0,0.0,0.0,0.0,0.0,0.0,0.0,0.0,0.7,0.0
49-9045,0.0,0.0,0.0,15.4,65.4,0.0,0.0,0.0,0.0,0.0,0.0,0.0,0.0,0.0,0.0,0.0,0.0,0.0,7.1,0.0
49-9061,0.0,0.0,0.0,2.9,12.1,24.8,0.0,0.0,1.7,0.0,9.7,0.0,1.8,2.2,7.3,2.2,0.0,0.0,15.0,4.7
49-9092,0.0,0.0,0.0,39.6,0.0,0.0,0.0,7.0,0.0,0.0,0.0,4.6,0.0,27.0,0.0,0.0,3.8,0.0,0.0,1.7
49-9094,0.0,0.0,0.0,0.9,0.5,0.8,0.0,0.0,0.0,0.0,0.3,0.3,0.0,56.6,10.0,1.9,0.0,0.4,1.4,5.4
49-9095,0.0,0.0,0.0,14.7,12.4,0.0,61.4,0.0,0.0,0.0,0.0,0.0,0.0,0.0,0.0,0.0,0.0,0.0,0.0,0.0
51-2028,0.0,0.0,0.0,0.3,87.0,3.0,0.0,0.1,0.1,0.0,0.0,2.5,0.1,6.0,0.0,0.0,0.0,0.0,0.3,0.0
51-2041,0.0,0.0,0.0,9.9,77.9,2.6,0.3,0.4,0.0,0.0,0.0,0.5,0.0,3.2,0.0,0.0,0.0,0.0,0.9,0.1
51-2091,0.0,0.0,0.0,0.7,90.7,0.6,1.2,0.0,0.0,0.0,0.0,0.0,0.0,1.2,0.0,0.0,1.3,0.0,3.0,0.0
51-4012,0.0,0.0,0.0,0.7,91.0,2.5,0.0,0.2,0.0,0.0,0.0,1.7,0.2,2.3,0.0,0.0,0.0,0.0,0.3,0.0
51-4021,0.0,0.0,0.0,0.4,95.3,1.5,0.0,0.0,0.0,0.0,0.0,0.1,0.0,0.0,0.0,0.0,0.0,0.0,0.0,0.0
51-4031,0.0,0.0,0.0,0.6,86.8,6.1,0.1,0.0,0.0,0.0,0.0,0.3,0.1,5.8,0.0,0.0,0.0,0.0,0.2,0.0
51-4033,0.0,0.0,0.0,0.2,91.4,0.7,0.1,0.1,0.0,0.0,0.0,0.1,0.0,0.0,0.0,0.0,0.0,0.0,0.3,0.0
51-4034,0.0,0.0,0.0,0.7,96.8,0.7,0.0,0.0,0.0,0.0,0.0,0.0,0.0,1.2,0.0,0.0,0.0,0.0,0.2,0.0
51-4081,0.0,0.0,0.0,0.1,84.5,3.9,0.1,0.1,0.0,0.0,0.0,0.3,0.4,9.9,0.0,0.0,0.0,0.0,0.1,0.0
51-4122,0.0,0.0,0.0,3.1,81.6,3.3,0.0,0.5,0.0,0.0,0.0,0.6,0.0,3.4,0.0,0.0,0.0,0.0,1.1,0.0
51-4199,0.0,0.0,0.0,0.9,60.4,4.3,0.4,0.0,0.0,0.0,0.5,0.3,0.0,28.7,0.0,0.0,0.0,0.0,0.0,3.1
51-6031,0.0,0.0,0.0,0.1,74.0,3.4,4.8,0.6,0.0,0.0,0.2,1.6,0.1,1.4,0.2,1.4,0.1,0.1,1.8,0.2
51-7011,0.0,0.0,0.0,7.8,74.7,1.0,1.5,0.2,0.0,0.0,0.1,0.3,0.1,1.7,0.2,0.1,0.0,0.0,0.7,0.3
51-7021,0.0,0.0,0.0,0.9,59.0,1.4,5.6,1.6,0.0,0.0,0.0,0.4,0.5,0.6,0.0,0.0,0.0,0.0,10.9,0.0
51-7099,0.0,0.0,0.0,0.4,27.9,1.6,1.4,0.5,0.0,0.0,0.0,0.0,0.0,4.5,0.0,0.4,0.0,0.0,0.0,4.1
51-9022,0.0,0.0,0.0,2.3,54.4,1.5,0.6,0.0,0.0,0.0,0.0,0.0,0.0,0.0,0.0,0.0,0.0,0.0,2.4,0.0
51-9031,0.0,0.0,0.0,1.5,81.4,5.2,8.5,0.0,0.0,0.0,0.0,0.0,0.0,1.3,0.0,0.0,0.0,0.0,0.0,0.0
51-9123,0.0,0.0,0.0,2.8,66.8,2.3,7.6,0.0,1.3,0.0,0.0,4.6,0.0,3.2,0.0,0.0,0.4,0.0,2.2,2.2
53-2011,0.0,0.0,0.0,0.1,0.1,0.0,0.0,94.6,0.0,0.0,0.0,0.2,0.2,0.3,0.3,0.0,0.0,0.0,0.0,4.1
53-3041,0.0,0.0,0.0,0.1,0.1,0.0,4.3,23.3,0.3,0.2,4.2,0.2,0.9,1.8,0.9,9.8,0.5,2.5,5.1,2.3
53-3099,0.0,0.0,0.0,0.9,0.5,12.5,18.5,11.3,0.1,0.0,7.7,2.9,4.2,0.0,0.6,1.7,1.4,0.9,2.2,14.7
53-5022,0.0,0.0,0.0,3.2,0.0,0.0,0.0,40.7,0.0,0.0,0.0,0.0,0.0,7.3,3.2,0.0,0.0,1.9,0.0,11.6
53-6031,0.0,0.0,0.0,0.1,0.0,1.2,53.1,2.4,0.0,0.0,1.2,0.0,0.3,0.5,0.2,0.0,2.4,0.1,36.5,1.2
53-6041,0.0,0.0,0.0,3.1,0.0,0.0,0.0,0.0,0.0,0.0,0.0,12.1,0.0,0.0,0.0,0.0,0.0,0.0,0.0,75.5
53-6099,0.0,0.0,0.0,0.9,0.4,3.3,0.8,77.3,0.0,0.0,2.0,0.0,0.4,2.5,4.0,0.7,0.3,0.0,1.1,5.6
11-2020,0.0,0.0,0.0,0.0,0.0,0.0,0.0,0.0,0.0,0.0,0.0,0.0,0.0,0.0,0.0,0.0,0.0,0.0,0.0,0.0
11-1951,0.0,0.0,0.0,0.0,0.2,0.0,0.7,0.0,0.0,0.0,0.0,0.0,0.0,0.0,0.0,0.0,0.0,0.0,0.0,0.0
11-2020,0.0,0.0,0.0,0.0,0.4,0.3,0.3,0.0,0.0,0.0,0.0,0.0,0.0,0.0,0.0,0.0,0.0,0.0,0.0,0.0
15-2021,0.0,0.0,0.0,0.0,5.0,0.0,0.0,0.0,0.0,0.0,0.0,26.0,0.0,0.0,18.9,0.0,0.0,0.0,0.0,41.1
15-2041,0.0,0.0,0.0,0.0,3.8,0.8,0.0,0.0,2.7,10.3,0.0,31.5,4.8,2.6,8.7,9.9,0.2,0.0,1.4,18.8
17-2011,0.0,0.0,0.0,0.0,47.7,0.5,0.0,3.0,0.0,0.0,0.0,28.0,1.7,0.0,1.6,0.0,0.1,0.0,0.0,15.1
17-2021,0.0,0.0,0.0,0.0,10.5,6.0,0.0,0.0,0.0,0.0,0.0,17.8,0.0,0.0,10.4,0.0,0.0,0.0,0.0,17.7
17-2031,0.0,0.0,0.0,0.0,45.2,6.0,0.0,0.0,0.0,0.0,0.0,20.3,3.4,0.6,9.6,9.3,0.0,0.0,1.3,4.0
17-3021,0.0,0.0,0.0,0.0,49.9,0.0,0.0,2.4,0.0,0.0,0.0,41.5,0.0,1.0,2.1,0.0,0.0,0.0,0.0,0.0
19-1011,0.0,0.0,0.0,0.0,7.8,3.6,0.0,0.0,0.0,0.0,0.0,15.6,0.0,0.0,48.2,0.0,0.0,0.0,0.0,5.2
19-1012,0.0,0.0,0.0,0.0,46.5,6.7,0.0,0.0,0.0,0.0,0.0,14.4,13.5,1.1,6.5,0.0,0.0,0.0,0.0,1.9
19-1013,0.0,0.0,0.0,0.0,1.7,11.7,0.0,0.0,0.0,0.0,0.0,29.0,1.2,0.0,21.2,0.0,2.5,0.0,0.0,16.0
19-1021,0.0,0.0,0.0,0.0,13.9,3.6,0.0,0.0,0.0,0.0,0.0,62.8,1.9,2.5,8.7,3.3,0.0,0.0,0.0,0.0
19-1022,0.0,0.0,0.0,0.0,20.4,0.8,0.0,0.0,0.0,0.0,0.0,32.3,0.9,4.5,14.1,3.5,0.0,0.0,0.0,21.5
19-1029,0.0,0.0,0.0,0.0,3.9,0.8,0.0,0.0,0.0,0.0,0.0,27.3,0.6,0.8,19.1,4.5,0.2,0.0,0.2,0.0
19-1041,0.0,0.0,0.0,0.0,1.5,0.0,0.0,0.0,0.0,0.0,0.0,10.1,0.0,0.7,14.7,16.6,0.0,0.0,0.9,54.0
19-1042,0.0,0.0,0.0,0.0,7.2,1.1,0.0,0.0,0.0,0.0,0.0,37.9,1.3,0.0,24.5,24.7,0.0,0.0,0.2,1.7
19-1099,0.0,0.0,0.0,0.0,7.3,1.4,0.0,0.0,0.0,0.0,0.0,19.5,0.7,10.1,32.2,2.9,0.0,0.0,0.7,23.6
19-2012,0.0,0.0,0.0,0.0,3.4,0.0,0.0,0.0,0.0,0.0,0.0,40.0,0.0,0.0,23.4,11.1,0.0,0.0,0.0,19.9
19-2032,0.0,0.0,0.0,0.0,38.0,1.5,0.0,0.0,0.0,0.0,0.0,37.5,10.6,0.0,10.0,0.0,0.0,0.0,0.0,0.0
19-3099,0.0,0.0,0.0,0.0,0.2,0.0,0.0,0.3,0.0,0.0,0.0,15.2,0.3,0.3,0.0,2.3,0.0,0.0,1.1,56.8
19-4011,0.0,0.0,0.0,0.0,26.5,4.0,0.0,0.2,0.0,0.0,0.0,15.9,2.4,0.5,19.5,0.0,0.2,0.0,0.2,3.1
19-4021,0.0,0.0,0.0,0.0,6.6,0.1,0.0,0.0,0.0,0.0,0.0,34.0,0.0,1.6,28.9,12.5,0.1,0.0,0.1,16.1
21-1091,0.0,0.0,0.0,0.0,0.1,0.8,0.2,0.0,0.0,2.7,0.0,2.7,2.2,1.4,5.7,50.6,1.0,0.0,8.4,24.1
21-2011,0.0,0.0,0.0,0.0,0.1,0.0,0.0,0.0,0.0,0.0,0.0,0.0,0.3,0.1,2.0,8.4,0.0,0.0,87.7,1.3
25-4021,0.0,0.0,0.0,0.0,0.1,0.0,0.0,0.0,6.6,0.1,0.0,1.6,0.1,0.2,54.8,1.0,0.6,0.0,1.1,33.8
25-9011,0.0,0.0,0.0,0.0,0.6,0.0,0.0,0.0,0.5,0.0,0.0,1.3,0.0,0.5,86.9,0.8,1.6,0.0,1.8,3.6
27-1011,0.0,0.0,0.0,0.0,1.3,1.1,1.7,0.0,9.8,0.3,0.1,19.2,2.1,0.6,1.3,0.1,1.8,0.0,0.9,0.3
27-1012,0.0,0.0,0.0,0.0,9.3,0.9,4.4,0.0,1.5,0.0,0.0,1.6,0.0,0.9,1.3,0.0,19.1,0.0,0.0,0.0
27-1013,0.0,0.0,0.0,0.0,3.6,0.9,3.3,0.0,6.5,0.0,0.0,4.6,0.4,1.0,3.0,0.0,14.9,0.0,0.4,0.9
27-1014,0.0,0.0,0.0,0.0,1.0,0.4,0.2,0.0,20.7,0.1,0.0,12.7,0.7,0.8,2.3,0.2,1.2,0.0,0.8,0.4
27-1019,0.0,0.0,0.0,0.0,1.4,0.0,3.2,0.0,3.5,0.0,0.0,4.8,0.5,0.5,4.0,0.0,1.4,0.0,8.9,29.1
27-1022,0.0,0.0,0.0,0.0,8.7,30.5,4.2,0.0,10.7,0.0,0.0,6.3,12.7,0.0,0.8,0.0,1.3,0.0,0.0,0.0
27-1027,0.0,0.0,0.0,0.0,0.5,0.0,0.0,0.0,27.4,0.0,0.0,7.8,0.4,3.3,6.4,0.0,24.2,0.0,1.2,6.3
27-2012,0.0,0.0,0.0,0.0,0.1,0.1,0.0,0.0,53.8,0.1,0.4,7.9,0.6,1.2,4.1,0.1,8.1,0.2,2.0,1.6
27-3041,0.0,0.0,0.0,0.0,0.7,0.8,0.9,0.0,54.0,0.8,0.1,9.1,1.2,2.4,5.6,0.4,0.7,0.0,8.4,0.6
27-3043,0.0,0.0,0.0,0.0,0.3,0.4,1.0,0.1,10.9,1.0,0.1,10.9,1.4,1.6,2.6,0.9,3.2,0.0,2.6,1.5
27-3091,0.0,0.0,0.0,0.0,0.5,0.3,0.1,0.0,1.1,0.4,0.0,33.3,0.3,1.4,18.4,13.6,0.8,0.0,1.1,5.6
27-3099,0.0,0.0,0.0,0.0,1.1,0.6,0.0,0.0,28.7,0.6,0.4,6.0,1.8,4.5,13.6,0.5,6.7,1.8,2.7,3.7
27-4031,0.0,0.0,0.0,0.0,0.2,0.2,0.4,0.0,53.6,0.2,0.0,5.3,0.4,2.9,2.8,0.2,2.9,0.0,1.6,2.9
27-4032,0.0,0.0,0.0,0.0,0.3,0.2,0.3,0.0,62.8,0.0,0.0,4.0,0.5,1.1,1.3,0.0,1.2,0.0,0.8,0.3
27-4099,0.0,0.0,0.0,0.0,0.7,0.0,0.0,0.0,41.7,0.0,0.9,3.9,0.5,0.0,7.0,0.3,3.6,1.2,1.7,23.4
29-1051,0.0,0.0,0.0,0.0,0.2,2.9,58.3,0.0,0.1,1.4,0.1,0.5,0.9,1.1,0.7,30.3,0.0,0.0,0.0,3.1
29-1069,0.0,0.0,0.0,0.0,0.0,0.0,0.0,0.0,0.0,0.1,0.0,0.4,0.2,0.3,4.5,77.6,0.0,0.0,0.1,9.5
29-1131,0.0,0.0,0.0,0.0,0.2,0.2,0.0,0.0,0.0,0.0,0.0,78.7,0.1,0.0,1.3,0.2,0.3,0.0,1.9,2.8
29-1171,0.0,0.0,0.0,0.0,0.1,0.1,0.4,0.0,0.0,0.4,0.0,0.5,0.3,1.1,3.9,88.4,0.0,0.0,0.7,2.0
29-2010,0.0,0.0,0.0,0.0,0.3,0.1,0.0,0.0,0.0,0.0,0.0,3.0,0.2,1.1,5.7,85.5,0.0,0.0,0.2,3.7
29-2041,0.0,0.0,0.0,0.0,0.1,0.0,0.0,0.4,0.0,0.0,0.0,0.3,0.1,1.4,0.4,67.9,0.8,0.1,0.1,27.9
29-2052,0.0,0.0,0.0,0.0,0.2,3.3,70.4,0.0,0.0,1.0,0.0,0.3,0.2,1.2,0.4,20.5,0.0,0.0,0.0,2.2
29-2056,0.0,0.0,0.0,0.0,0.1,0.0,0.0,0.0,0.0,0.0,0.0,91.3,0.0,0.1,4.0,0.4,0.2,0.0,2.5,1.1
29-2061,0.0,0.0,0.0,0.0,0.0,0.0,0.0,0.0,0.0,0.2,0.0,0.1,0.2,3.9,2.4,84.5,0.0,0.0,0.7,6.3
29-2071,0.0,0.0,0.0,0.0,0.0,0.3,0.4,0.0,0.5,2.0,0.0,8.0,4.8,7.4,1.8,69.6,0.0,0.0,0.3,4.6
29-2081,0.0,0.0,0.0,0.0,0.4,0.3,42.2,0.0,0.0,0.0,0.0,0.0,0.0,0.3,0.0,53.3,0.0,0.0,0.0,0.1
29-2091,0.0,0.0,0.0,0.0,32.5,1.6,17.6,0.0,0.0,0.0,0.0,0.0,0.0,0.0,0.0,37.0,0.0,0.0,0.0,0.0
29-2099,0.0,0.0,0.0,0.0,0.1,0.3,0.2,0.0,0.0,0.1,0.0,0.2,0.2,0.8,2.2,91.0,0.0,0.0,0.0,0.0
29-9099,0.0,0.0,0.0,0.0,0.5,0.4,0.0,0.0,0.0,1.9,0.2,2.5,1.7,2.0,11.1,53.6,0.0,0.0,0.7,18.7
31-9091,0.0,0.0,0.0,0.0,0.0,0.0,0.0,0.0,0.0,0.0,0.0,0.0,0.0,1.3,1.3,95.2,0.0,0.0,0.0,2.0
31-9092,0.0,0.0,0.0,0.0,0.0,0.0,0.2,0.0,0.0,0.1,0.0,0.3,0.4,2.0,1.7,94.2,0.0,0.0,0.1,0.8
31-9093,0.0,0.0,0.0,0.0,0.2,0.6,0.7,0.0,0.0,0.0,0.0,1.0,0.6,2.1,1.9,90.0,0.0,0.0,0.3,0.3
31-9096,0.0,0.0,0.0,0.0,0.2,0.0,0.0,0.0,0.0,0.0,0.0,90.3,0.0,0.3,5.0,0.6,0.2,0.0,2.3,0.7
31-9099,0.0,0.0,0.0,0.0,0.5,0.0,1.2,0.0,0.0,0.3,0.0,0.8,0.4,0.0,12.2,58.4,0.1,0.2,2.4,19.3
33-1021,0.0,0.0,0.0,0.0,0.3,0.0,0.0,0.0,0.0,0.0,0.0,0.2,0.0,1.6,0.2,0.0,0.1,0.0,0.0,97.3
35-2011,0.0,0.0,0.0,0.0,0.1,0.0,1.6,0.0,0.0,0.0,0.0,0.1,0.0,0.1,0.0,0.1,0.8,97.0,0.1,0.1
35-2015,0.0,0.0,0.0,0.0,0.5,0.2,10.7,0.1,0.5,0.0,0.0,0.1,0.2,0.0,0.2,0.5,5.6,79.1,0.9,0.8
35-2019,0.0,0.0,0.0,0.0,2.7,0.0,13.3,1.6,1.0,0.0,0.5,0.6,0.0,0.0,0.5,5.7,2.5,39.3,13.7,1.0
35-2021,0.0,0.0,0.0,0.0,1.5,0.3,24.9,0.2,0.1,0.0,0.1,0.1,0.1,1.2,3.7,6.3,1.3,56.5,1.0,1.1
35-3022,0.0,0.0,0.0,0.0,2.5,0.3,9.3,0.0,6.3,0.0,0.4,0.3,0.2,1.3,5.8,1.3,6.4,63.5,0.5,1.4
35-3041,0.0,0.0,0.0,0.0,0.2,0.0,0.3,0.0,1.6,0.0,0.4,0.0,0.1,0.0,1.5,57.1,1.9,30.0,1.1,1.4
35-9099,0.0,0.0,0.0,0.0,0.5,0.0,2.4,0.3,0.2,0.0,0.1,0.0,0.3,0.0,3.5,11.2,2.2,71.5,0.5,2.3
39-1021,0.0,0.0,0.0,0.0,0.0,0.0,2.2,0.2,3.0,0.0,0.3,0.3,0.4,0.9,3.5,32.5,12.4,2.0,14.3,6.5
39-7010,0.0,0.0,0.0,0.0,1.6,0.0,1.9,5.4,0.0,0.0,0.9,0.7,0.0,15.0,1.7,0.4,45.8,1.9,1.7,6.1
39-9011,0.0,0.0,0.0,0.0,0.0,0.0,0.1,0.1,0.0,0.0,0.0,0.0,0.1,0.6,11.6,30.4,3.5,0.1,27.4,1.1
39-9099,0.0,0.0,0.0,0.0,0.1,0.0,1.0,1.9,0.0,0.0,0.4,0.4,0.2,0.8,3.4,10.9,1.3,3.8,17.0,19.5
41-3011,0.0,0.0,0.0,0.0,0.3,0.6,0.5,0.1,46.1,0.3,0.2,39.3,0.7,0.5,0.1,0.0,0.7,0.1,0.5,0.1
43-3071,0.0,0.0,0.0,0.0,0.0,0.0,0.0,0.0,0.0,97.7,0.0,0.1,1.3,0.6,0.0,0.0,0.1,0.0,0.0,0.1
43-4021,0.0,0.0,0.0,0.0,2.4,6.0,4.8,2.6,3.1,30.8,0.0,11.9,7.1,7.9,2.3,9.9,0.0,0.0,1.0,3.6
43-4081,0.0,0.0,0.0,0.0,0.0,0.0,0.0,0.0,0.0,0.0,1.5,0.1,0.2,0.0,0.0,0.0,1.0,94.1,0.6,1.0
43-4111,0.0,0.0,0.0,0.0,0.1,0.1,0.3,0.0,0.0,1.9,0.2,18.7,1.8,6.7,10.9,55.1,0.0,0.0,1.3,1.5
43-5011,0.0,0.0,0.0,0.0,0.4,0.6,0.2,88.6,0.0,0.0,0.0,4.5,1.9,0.0,0.0,0.0,0.0,0.0,0.0,0.4
43-6013,0.0,0.0,0.0,0.0,0.1,0.1,0.2,0.0,0.0,0.3,0.0,1.4,0.6,2.1,1.6,92.2,0.0,0.0,0.0,0.6
43-9031,0.0,0.0,0.0,0.0,10.1,2.7,1.2,0.0,36.3,2.9,0.0,12.6,2.1,0.0,4.6,1.0,0.4,0.0,3.4,2.3
43-9041,0.0,0.0,0.0,0.0,0.1,0.3,0.3,0.1,0.2,86.2,0.1,2.6,2.2,0.0,0.1,2.9,0.0,0.0,0.2,0.8
43-9081,0.0,0.0,0.0,0.0,2.6,0.8,1.0,0.0,23.3,2.9,0.0,17.0,1.0,12.3,3.0,0.0,0.0,0.0,8.6,0.7
43-9111,0.0,0.0,0.0,0.0,0.8,0.0,0.0,0.7,3.5,17.6,0.0,17.6,2.4,3.0,13.7,8.1,1.6,0.0,0.0,20.0
45-2011,0.0,0.0,0.0,0.0,5.6,2.7,0.0,0.0,0.0,0.0,0.0,3.4,0.0,0.0,0.5,0.0,0.0,0.0,0.6,61.7
45-2021,0.0,0.0,0.0,0.0,2.6,0.0,0.0,0.0,0.0,0.0,0.0,2.4,0.0,0.0,0.0,0.0,0.6,0.0,0.0,0.0
45-2041,0.0,0.0,0.0,0.0,33.0,11.6,2.7,0.7,0.0,0.0,0.0,1.5,0.0,0.0,0.0,0.0,0.0,0.0,0.0,3.6
45-4011,0.0,0.0,0.0,0.0,0.8,0.0,0.0,0.0,0.0,0.0,0.0,1.5,0.0,0.0,0.0,0.0,1.3,0.0,6.7,37.7
45-4029,0.0,0.0,0.0,0.0,14.4,0.0,0.0,0.0,0.0,0.0,0.0,0.0,0.0,0.0,0.0,0.0,0.0,0.0,0.0,0.0
49-2091,0.0,0.0,0.0,0.0,37.6,0.0,0.0,36.2,0.0,0.0,0.0,6.1,0.6,2.1,1.4,0.0,0.0,0.0,3.5,8.8
49-2096,0.0,0.0,0.0,0.0,4.6,8.0,58.7,1.4,0.0,0.0,0.0,0.0,0.0,1.9,0.0,0.0,0.0,0.0,16.4,0.8
49-3011,0.0,0.0,0.0,0.0,13.9,0.9,0.1,60.3,0.0,0.0,0.1,2.1,0.5,0.0,1.7,1.1,0.1,0.0,0.8,13.2
49-3021,0.0,0.0,0.0,0.0,0.9,2.5,19.2,0.8,0.0,0.0,0.5,0.2,0.0,0.6,0.1,0.0,0.5,0.0,65.0,0.8
49-3043,0.0,0.0,0.0,0.0,5.6,0.0,0.0,78.2,0.0,0.0,0.0,0.0,0.0,0.0,0.0,0.0,0.0,0.0,0.0,9.6
49-3052,0.0,0.0,0.0,0.0,0.5,0.4,81.0,0.0,0.0,0.0,0.0,0.0,0.0,0.0,0.0,0.0,0.0,0.0,8.0,0.0
49-3092,0.0,0.0,0.0,0.0,4.2,3.0,76.0,0.0,0.0,0.0,4.2,0.0,0.0,0.0,0.0,0.0,0.4,0.4,10.1,0.0
49-9062,0.0,0.0,0.0,0.0,2.6,26.7,5.0,0.0,0.0,0.0,8.5,1.4,0.9,0.7,0.7,23.5,0.0,0.0,16.5,0.4
49-9063,0.0,0.0,0.0,0.0,4.9,1.0,63.6,0.0,0.0,0.0,0.0,0.0,0.0,0.0,3.6,0.0,0.0,0.0,11.6,0.0
49-9064,0.0,0.0,0.0,0.0,4.0,10.5,36.9,0.0,0.0,0.0,0.0,0.0,0.0,0.0,0.0,0.0,0.0,0.0,29.6,0.0
49-9091,0.0,0.0,0.0,0.0,5.3,11.8,29.7,0.5,0.8,0.0,1.0,0.0,0.6,0.0,0.2,0.0,15.6,8.0,3.8,10.4
49-9093,0.0,0.0,0.0,0.0,28.6,0.0,0.0,0.0,0.0,0.0,0.0,0.0,0.0,0.0,0.0,0.0,0.0,0.0,30.6,0.0
51-2011,0.0,0.0,0.0,0.0,91.4,0.0,0.0,2.6,0.0,0.0,0.0,0.5,0.0,0.0,0.0,0.0,0.0,0.0,0.0,0.0
51-2021,0.0,0.0,0.0,0.0,92.0,0.5,0.0,0.0,0.0,0.0,0.0,0.0,0.0,0.0,0.0,0.0,0.0,0.0,3.9,0.0
51-2031,0.0,0.0,0.0,0.0,91.6,2.6,0.2,0.1,0.0,0.0,0.0,0.4,0.0,3.7,0.0,0.0,0.0,0.0,0.6,0.0
51-2093,0.0,0.0,0.0,0.0,73.9,0.0,0.0,0.0,0.0,0.0,0.0,0.0,0.0,7.4,0.0,0.0,0.0,0.0,9.2,0.0
51-3011,0.0,0.0,0.0,0.0,29.6,1.7,0.0,0.1,0.0,0.0,0.0,0.0,0.1,1.1,0.6,0.3,0.5,23.5,0.1,0.4
51-3021,0.0,0.0,0.0,0.0,6.6,4.6,84.6,0.0,0.0,0.0,0.0,0.0,0.0,0.2,0.0,0.0,0.0,1.8,0.0,1.1
51-3022,0.0,0.0,0.0,0.0,79.0,2.9,10.9,0.2,0.0,0.0,0.0,0.0,0.1,3.1,0.0,0.0,0.0,0.4,0.0,0.0
51-3023,0.0,0.0,0.0,0.0,91.2,2.3,1.9,0.0,0.0,0.0,0.0,0.0,0.0,2.4,0.0,0.0,0.0,0.0,0.0,0.0
51-3091,0.0,0.0,0.0,0.0,75.6,5.7,12.0,0.0,0.0,0.0,0.0,0.0,0.8,0.0,0.0,0.0,0.0,3.6,0.0,0.0
51-3092,0.0,0.0,0.0,0.0,81.5,3.9,4.6,0.1,0.0,0.0,0.0,0.0,0.0,6.0,0.1,0.0,0.0,2.6,0.0,0.0
51-3093,0.0,0.0,0.0,0.0,75.5,1.4,3.4,0.0,0.0,0.0,0.0,0.0,0.0,0.0,0.0,0.0,0.0,9.8,0.0,0.0
51-3099,0.0,0.0,0.0,0.0,52.3,8.7,0.0,0.0,0.0,0.0,0.0,0.0,0.0,5.6,0.0,0.0,0.0,0.9,0.0,0.0
51-4022,0.0,0.0,0.0,0.0,91.6,0.9,0.0,0.0,0.0,0.0,0.0,0.0,0.0,4.6,0.0,0.0,0.0,0.0,0.0,2.0
51-4051,0.0,0.0,0.0,0.0,94.1,3.4,0.0,0.0,0.0,0.0,0.0,0.0,0.0,0.5,0.0,0.0,0.0,0.0,0.0,0.0
51-4052,0.0,0.0,0.0,0.0,96.3,0.0,0.0,0.0,0.0,0.0,0.0,0.0,0.0,0.0,0.0,0.0,0.0,0.0,0.0,0.0
51-4061,0.0,0.0,0.0,0.0,71.7,1.0,0.0,0.0,0.0,0.0,0.0,22.4,1.7,0.0,0.0,0.0,0.0,0.0,0.0,0.0
51-4062,0.0,0.0,0.0,0.0,92.6,0.0,0.0,0.0,0.0,0.0,0.0,0.0,0.0,0.0,0.0,0.0,0.0,0.0,0.0,0.0
51-4071,0.0,0.0,0.0,0.0,97.4,0.0,0.0,0.0,0.0,0.0,0.0,0.0,0.0,2.1,0.0,0.0,0.0,0.0,0.0,0.0
51-4072,0.0,0.0,0.0,0.0,92.0,0.8,0.0,0.0,0.0,0.0,0.0,0.0,0.1,6.3,0.0,0.0,0.0,0.0,0.0,0.7
51-4192,0.0,0.0,0.0,0.0,82.4,0.0,0.0,0.0,0.0,0.0,0.0,0.0,0.0,0.0,0.0,0.0,0.0,0.0,0.0,13.5
51-4193,0.0,0.0,0.0,0.0,95.7,0.2,0.0,0.0,0.0,0.0,0.0,0.7,0.0,2.1,0.0,0.0,0.0,0.0,0.0,1.0
51-4194,0.0,0.0,0.0,0.0,61.3,4.1,0.0,0.0,0.0,0.0,0.0,0.0,0.0,2.1,0.0,0.0,0.0,0.0,13.0,0.0
51-5111,0.0,0.0,0.0,0.0,70.4,1.7,0.8,0.0,12.8,0.3,0.0,4.9,1.6,3.2,1.0,0.2,0.0,0.0,0.8,1.3
51-5112,0.0,0.0,0.0,0.0,73.9,2.1,1.4,0.3,6.0,0.4,0.0,7.1,0.7,3.7,1.3,0.3,0.1,0.0,0.4,1.1
51-5113,0.0,0.0,0.0,0.0,83.3,0.0,0.0,0.0,4.2,0.1,0.0,2.2,0.6,4.4,0.9,0.0,0.0,0.0,0.1,1.0
51-6011,0.0,0.0,0.0,0.0,0.3,0.1,0.1,0.0,0.0,0.0,1.7,0.1,0.2,6.8,0.3,16.5,0.8,16.8,53.0,2.3
51-6021,0.0,0.0,0.0,0.0,8.0,0.6,1.2,0.0,0.0,0.0,0.2,0.0,0.0,0.7,0.0,0.0,0.0,0.1,88.2,0.0
51-6041,0.0,0.0,0.0,0.0,32.6,1.1,13.9,0.0,0.0,0.0,0.0,0.0,0.0,0.0,0.0,0.0,0.0,0.0,21.6,0.0
51-6042,0.0,0.0,0.0,0.0,93.0,1.8,0.0,0.0,0.0,0.0,0.0,0.0,0.0,0.0,0.0,0.0,0.0,0.0,0.0,0.0
51-6051,0.0,0.0,0.0,0.0,37.6,2.4,11.1,0.0,0.0,0.0,0.0,0.0,0.0,1.8,0.0,0.0,0.8,0.0,5.9,0.0
51-6052,0.0,0.0,0.0,0.0,7.8,1.0,27.6,0.2,0.6,0.0,2.5,0.9,0.2,0.0,0.3,0.2,1.0,1.1,16.8,0.3
51-6061,0.0,0.0,0.0,0.0,94.7,0.6,0.0,0.0,0.0,0.0,0.0,0.0,0.0,1.3,0.0,0.0,0.0,0.0,0.0,0.0
51-6062,0.0,0.0,0.0,0.0,84.1,7.3,0.4,0.7,0.0,0.0,0.0,0.0,0.0,2.1,0.0,0.6,0.0,0.0,0.4,0.0
51-6063,0.0,0.0,0.0,0.0,93.5,1.1,0.0,0.0,0.0,0.0,0.0,0.0,0.0,2.5,0.0,0.0,0.0,0.0,0.0,0.0
51-6064,0.0,0.0,0.0,0.0,96.1,0.0,0.0,0.0,0.0,0.0,0.0,0.0,0.0,0.0,0.0,0.0,0.0,0.0,0.0,0.0
51-6091,0.0,0.0,0.0,0.0,92.6,0.0,0.0,0.0,0.0,0.0,0.0,0.0,0.0,0.0,0.0,0.0,0.0,0.0,0.0,0.0
51-6092,0.0,0.0,0.0,0.0,68.0,7.4,6.5,0.0,0.0,0.0,0.0,2.6,7.7,3.5,0.0,0.0,0.0,0.0,0.0,0.0
51-6093,0.0,0.0,0.0,0.0,57.5,0.0,2.1,0.9,0.0,0.0,0.2,0.3,0.0,1.9,0.2,0.0,0.2,0.3,21.0,0.2
51-6099,0.0,0.0,0.0,0.0,52.0,7.4,5.2,0.0,0.0,0.0,0.0,1.5,0.7,24.4,0.0,0.0,0.0,0.0,1.0,3.5
51-7031,0.0,0.0,0.0,0.0,30.3,0.0,0.0,0.0,0.0,0.0,0.0,0.0,0.0,0.0,0.0,0.0,0.0,0.0,0.0,0.0
51-7032,0.0,0.0,0.0,0.0,35.8,0.0,0.0,0.0,0.0,0.0,0.0,0.0,0.0,0.0,0.0,0.0,0.0,0.0,0.0,0.0
51-9011,0.0,0.0,0.0,0.0,96.3,1.2,0.0,0.0,0.0,0.0,0.0,0.6,0.0,1.1,0.0,0.0,0.0,0.0,0.0,0.0
51-9071,0.0,0.0,0.0,0.0,19.1,8.8,32.5,0.0,0.0,0.7,0.0,1.5,0.5,0.3,0.0,0.0,0.0,0.0,2.8,0.0
51-9081,0.0,0.0,0.0,0.0,75.8,0.6,0.0,0.0,0.0,0.0,0.0,0.0,0.0,0.4,0.5,17.2,0.0,0.0,0.0,1.6
51-9082,0.0,0.0,0.0,0.0,61.8,5.4,8.4,0.0,0.0,0.0,0.9,0.0,0.5,1.6,0.5,13.7,0.0,0.0,0.5,0.0
51-9083,0.0,0.0,0.0,0.0,39.7,7.1,28.8,0.0,0.0,0.0,0.0,0.0,0.3,0.4,0.0,19.2,0.0,0.0,0.0,0.4
51-9122,0.0,0.0,0.0,0.0,30.6,1.5,6.3,6.2,0.0,0.0,0.2,0.5,0.0,1.7,0.0,0.0,0.7,0.0,47.6,0.6
51-9141,0.0,0.0,0.0,0.0,88.8,0.0,0.0,0.0,0.0,0.0,0.0,0.6,0.0,0.0,0.0,0.0,0.0,0.0,0.0,0.0
51-9151,0.0,0.0,0.0,0.0,4.9,0.5,27.5,0.0,6.5,0.0,0.0,22.2,0.8,0.0,1.1,1.5,0.4,0.0,24.8,1.1
51-9191,0.0,0.0,0.0,0.0,95.1,0.0,0.0,1.0,0.0,0.0,0.0,0.0,0.0,2.1,0.0,0.0,0.0,0.0,0.0,0.0
51-9192,0.0,0.0,0.0,0.0,82.4,4.9,0.0,1.3,0.0,0.0,0.0,0.4,0.0,0.0,0.0,0.0,0.0,0.0,0.0,0.0
51-9193,0.0,0.0,0.0,0.0,80.4,3.3,0.0,4.4,0.0,0.0,0.0,0.0,0.0,2.0,0.0,0.0,1.0,2.2,0.0,0.0
51-9194,0.0,0.0,0.0,0.0,52.3,2.4,20.6,0.0,0.0,0.0,0.0,1.0,0.0,4.5,0.0,0.0,0.0,0.0,0.0,0.0
51-9196,0.0,0.0,0.0,0.0,94.6,1.7,0.0,0.2,0.3,0.0,0.0,0.3,0.0,2.9,0.0,0.0,0.0,0.0,0.0,0.0
51-9197,0.0,0.0,0.0,0.0,95.2,1.0,3.0,0.0,0.0,0.0,0.0,0.0,0.0,0.5,0.0,0.0,0.0,0.0,0.0,0.0
53-1011,0.0,0.0,0.0,0.0,1.3,5.1,1.4,83.4,0.0,0.0,0.0,0.0,0.6,1.6,0.0,0.0,0.0,0.0,1.3,3.0
53-2021,0.0,0.0,0.0,0.0,0.4,0.0,0.0,6.2,0.0,0.0,0.0,0.5,0.0,0.3,0.0,0.0,0.0,0.0,0.0,92.2
53-2022,0.0,0.0,0.0,0.0,1.5,0.0,0.0,54.4,0.0,0.0,0.0,1.0,4.7,2.3,3.1,0.0,0.0,0.0,0.0,32.6
53-4011,0.0,0.0,0.0,0.0,0.3,0.0,0.0,97.0,0.0,0.0,0.0,0.0,0.0,0.0,0.0,0.0,0.2,0.0,0.0,2.4
53-4021,0.0,0.0,0.0,0.0,1.1,0.5,0.0,93.5,0.0,0.0,0.0,0.0,0.0,0.0,0.0,0.0,0.0,0.0,0.0,4.8
53-5031,0.0,0.0,0.0,0.0,0.9,0.0,0.0,71.3,0.0,0.0,0.0,0.0,0.0,0.0,0.8,0.0,1.7,0.0,0.0,23.0
53-6051,0.0,0.0,0.0,0.0,2.8,2.9,0.0,34.1,0.0,0.0,0.0,4.3,0.0,0.3,0.0,0.0,0.0,0.0,12.8,41.6
53-7081,0.0,0.0,0.0,0.0,0.1,0.3,0.0,0.3,0.0,0.0,0.0,0.0,0.0,58.6,0.3,0.2,0.0,0.0,0.1,30.8
23-1022,0.0,0.0,0.0,0.0,0.0,1.6,0.0,0.0,0.0,5.1,0.0,21.2,0.9,0.0,2.3,10.1,0.0,0.0,5.9,34.9
25-3097,0.0,0.0,0.0,0.0,0.0,0.0,0.0,0.0,0.2,0.0,0.0,0.9,0.2,0.7,68.1,4.6,0.5,0.0,2.9,7.1
25-9021,0.0,0.0,0.0,0.0,0.0,0.5,0.0,0.0,0.0,0.0,0.0,5.2,0.0,0.0,78.8,0.0,0.0,0.0,0.8,12.5
27-1023,0.0,0.0,0.0,0.0,0.0,4.5,66.8,0.0,0.0,0.0,0.0,0.3,0.0,1.2,0.0,0.2,0.0,0.5,1.2,0.0
29-1031,0.0,0.0,0.0,0.0,0.0,0.3,0.7,0.0,0.0,0.2,0.0,0.8,1.5,1.0,3.7,62.2,0.6,6.8,2.4,13.6
29-1126,0.0,0.0,0.0,0.0,0.0,1.0,1.2,0.0,0.0,0.0,2.0,0.0,0.1,0.0,0.4,92.5,0.0,0.0,0.0,0.6
29-1199,0.0,0.0,0.0,0.0,0.0,0.2,1.1,0.0,0.0,0.3,0.0,0.2,0.2,0.3,0.0,27.1,0.0,0.0,0.0,31.0
29-2054,0.0,0.0,0.0,0.0,0.0,2.0,1.5,0.0,0.0,0.0,3.7,0.0,0.0,0.0,0.0,89.8,0.0,0.0,0.0,0.6
29-9092,0.0,0.0,0.0,0.0,0.0,2.9,0.0,0.0,0.0,0.0,0.0,2.2,0.0,0.0,10.5,74.3,0.0,0.0,0.0,0.0
31-1014,0.0,0.0,0.0,0.0,0.0,0.0,0.0,0.0,0.0,0.0,0.0,0.0,0.1,2.6,0.7,89.6,0.0,0.0,0.9,4.0
31-9095,0.0,0.0,0.0,0.0,0.0,1.7,81.9,0.0,0.0,0.4,0.0,0.0,0.0,0.0,0.2,12.6,0.0,0.0,0.0,0.4
31-9097,0.0,0.0,0.0,0.0,0.0,0.1,0.1,0.0,0.0,0.0,0.0,1.0,0.2,2.2,0.4,94.7,0.0,0.0,0.0,0.2
39-2021,0.0,0.0,0.0,0.0,0.0,0.3,11.3,0.1,0.0,0.0,0.0,12.6,0.0,0.2,0.9,0.0,5.4,0.1,37.6,2.3
39-5094,0.0,0.0,0.0,0.0,0.0,0.5,7.7,0.0,0.0,0.0,0.0,0.0,0.0,0.3,0.0,10.9,1.4,3.3,47.4,0.1
41-3021,0.0,0.0,0.0,0.0,0.0,0.0,0.2,0.0,0.0,85.5,0.1,0.6,0.5,0.0,0.0,0.1,0.0,0.0,0.1,0.2
43-4011,0.0,0.0,0.0,0.0,0.0,0.2,0.0,0.2,0.0,92.2,0.0,0.1,5.2,0.4,0.0,0.1,0.0,0.0,0.0,0.1
43-4031,0.0,0.0,0.0,0.0,0.0,0.3,0.1,0.0,0.0,0.0,0.0,0.0,0.0,1.8,0.0,0.0,0.0,0.0,0.0,95.4
43-4141,0.0,0.0,0.0,0.0,0.0,0.1,0.0,0.0,0.0,94.0,0.0,0.4,5.1,0.2,0.0,0.0,0.0,0.0,0.0,0.0
53-6021,0.0,0.0,0.0,0.0,0.0,1.5,9.5,0.5,0.6,0.0,3.5,0.0,1.0,4.0,1.4,1.5,5.3,6.1,60.6,4.0
53-6061,0.0,0.0,0.0,0.0,0.0,0.5,2.1,75.5,0.0,0.0,0.0,0.0,0.0,2.4,4.8,1.0,0.7,0.0,0.0,10.3
13-1032,0.0,0.0,0.0,0.0,0.0,0.0,0.6,0.0,0.0,93.2,0.0,1.1,0.5,0.0,0.0,0.0,0.0,0.0,1.0,0.0
13-2071,0.0,0.0,0.0,0.0,0.0,0.0,0.8,0.0,0.0,27.6,0.9,9.6,5.3,1.1,39.1,11.0,0.0,0.0,1.2,0.8
21-1012,0.0,0.0,0.0,0.0,0.0,0.0,0.0,0.0,0.0,0.1,0.0,0.5,0.4,0.4,82.7,8.0,0.0,0.0,1.9,2.7
21-1015,0.0,0.0,0.0,0.0,0.0,0.0,0.4,0.0,0.0,0.3,0.0,0.1,1.2,0.4,2.2,67.4,0.0,0.0,1.5,18.1
25-4012,0.0,0.0,0.0,0.0,0.0,0.0,1.2,0.0,2.1,0.0,0.0,0.7,0.0,0.0,16.9,0.0,51.3,0.0,3.7,19.2
27-2022,0.0,0.0,0.0,0.0,0.0,0.0,0.2,0.0,0.0,0.0,0.0,0.0,0.0,0.0,59.3,0.7,21.2,0.6,3.9,2.4
27-2042,0.0,0.0,0.0,0.0,0.0,0.0,0.0,0.0,0.2,0.0,0.0,0.0,0.0,0.1,3.4,0.1,12.7,0.4,45.0,0.2
27-2099,0.0,0.0,0.0,0.0,0.0,0.0,0.4,0.2,8.9,0.0,0.0,0.5,0.0,0.3,3.5,0.0,18.7,2.8,0.0,0.3
29-1041,0.0,0.0,0.0,0.0,0.0,0.0,13.4,0.0,0.0,0.0,0.0,0.0,0.1,0.2,0.6,72.2,0.0,0.0,0.0,2.9
29-1181,0.0,0.0,0.0,0.0,0.0,0.0,11.6,0.0,0.0,0.0,0.0,0.0,0.4,0.4,9.6,76.1,0.0,0.0,0.0,1.2
29-2051,0.0,0.0,0.0,0.0,0.0,0.0,0.4,0.0,0.0,0.0,0.0,0.0,0.0,0.5,3.8,84.0,0.0,1.8,3.8,5.4
29-2057,0.0,0.0,0.0,0.0,0.0,0.0,1.4,0.0,0.0,0.0,0.0,0.3,0.4,0.3,1.5,95.7,0.0,0.0,0.0,0.0
29-2092,0.0,0.0,0.0,0.0,0.0,0.0,65.5,0.0,0.0,0.0,0.0,0.0,0.0,0.0,1.2,30.6,0.0,0.0,0.0,0.8
31-9011,0.0,0.0,0.0,0.0,0.0,0.0,0.1,0.0,0.0,0.0,0.0,0.0,0.0,0.0,0.4,23.1,2.6,6.2,34.0,0.2
39-2011,0.0,0.0,0.0,0.0,0.0,0.0,6.9,0.0,0.4,0.0,0.0,0.5,0.0,0.0,0.4,1.2,7.2,0.0,12.8,0.2
39-3093,0.0,0.0,0.0,0.0,0.0,0.0,1.0,0.0,0.0,0.0,0.0,0.0,0.0,1.3,6.3,1.0,40.4,24.0,17.3,5.7
39-5012,0.0,0.0,0.0,0.0,0.0,0.0,7.2,0.0,0.3,0.0,0.0,0.0,0.0,0.1,0.1,0.3,0.2,0.2,47.3,0.0
39-5092,0.0,0.0,0.0,0.0,0.0,0.0,0.5,0.0,0.0,0.0,0.0,0.0,0.0,0.0,0.0,0.1,0.5,0.9,69.5,0.0
39-6011,0.0,0.0,0.0,0.0,0.0,0.0,0.8,22.3,0.0,0.0,4.6,0.0,1.9,0.0,0.0,0.4,0.0,54.0,5.7,3.1
39-9021,0.0,0.0,0.0,0.0,0.0,0.0,0.0,0.0,0.0,0.0,0.1,0.0,0.2,1.7,0.3,88.4,0.0,0.0,4.7,1.3
41-9012,0.0,0.0,0.0,0.0,0.0,0.0,46.2,0.0,0.0,0.0,0.0,2.2,0.0,0.0,31.7,0.0,2.5,0.0,0.0,0.0
43-2021,0.0,0.0,0.0,0.0,0.0,0.0,2.3,0.0,25.8,2.3,0.0,0.0,0.0,0.0,3.0,36.3,0.0,4.2,2.0,9.2
49-3091,0.0,0.0,0.0,0.0,0.0,0.0,89.1,0.0,0.0,0.0,2.6,0.0,0.0,0.0,0.0,0.7,0.4,0.0,4.5,0.0
25-1194,0.0,0.0,0.0,0.0,0.0,0.0,0.0,0.1,0.0,0.0,0.0,0.5,0.0,0.0,92.3,1.4,0.0,0.0,0.5,4.0
27-4013,0.0,0.0,0.0,0.0,0.0,0.0,0.0,10.7,21.9,0.0,0.0,0.0,0.0,0.0,0.0,0.0,0.0,0.0,0.0,51.0
33-3051,0.0,0.0,0.0,0.0,0.0,0.0,0.0,0.0,0.0,0.0,0.0,0.0,0.0,0.0,3.9,0.3,0.0,0.0,0.0,95.7
33-3052,0.0,0.0,0.0,0.0,0.0,0.0,0.0,29.9,0.0,0.0,0.0,0.0,0.0,0.0,0.0,0.0,0.0,0.0,0.0,69.0
33-9093,0.0,0.0,0.0,0.0,0.0,0.0,0.0,1.8,0.0,0.0,0.0,0.0,0.0,0.0,0.0,0.3,0.0,0.0,0.0,95.0
41-3041,0.0,0.0,0.0,0.0,0.0,0.0,0.0,0.4,0.1,6.0,0.0,0.0,1.5,79.4,0.2,0.0,0.6,0.0,0.1,0.0
43-2099,0.0,0.0,0.0,0.0,0.0,0.0,0.0,5.5,6.8,8.5,0.0,3.9,0.0,5.2,6.0,19.5,0.0,0.0,0.0,37.5
43-4181,0.0,0.0,0.0,0.0,0.0,0.0,0.0,69.2,0.0,0.0,0.5,0.1,1.5,20.7,0.0,0.0,0.9,5.5,0.0,1.1
43-5031,0.0,0.0,0.0,0.0,0.0,0.0,0.0,0.1,0.0,0.0,0.0,0.2,0.1,0.0,3.5,8.4,0.0,0.0,0.0,86.0
49-9097,0.0,0.0,0.0,0.0,0.0,0.0,0.0,69.4,0.0,0.0,0.0,0.0,0.0,0.0,0.0,0.0,0.0,0.0,0.0,16.8
53-2031,0.0,0.0,0.0,0.0,0.0,0.0,0.0,99.2,0.0,0.0,0.0,0.0,0.0,0.0,0.0,0.0,0.0,0.0,0.0,0.0
53-3011,0.0,0.0,0.0,0.0,0.0,0.0,0.0,17.0,0.0,0.0,0.0,0.0,0.0,0.0,0.0,70.9,0.0,0.0,0.0,11.5
53-3021,0.0,0.0,0.0,0.0,0.0,0.0,0.0,43.9,0.0,0.0,1.0,0.0,0.5,1.8,1.0,0.2,1.2,0.0,0.7,48.6
53-3022,0.0,0.0,0.0,0.0,0.0,0.0,0.0,38.0,0.0,0.0,0.1,0.0,0.1,0.2,43.0,5.7,0.0,0.0,0.4,11.6
53-4012,0.0,0.0,0.0,0.0,0.0,0.0,0.0,86.7,0.0,0.0,0.0,0.0,0.0,0.0,0.0,0.0,0.0,0.0,0.0,0.0
53-4031,0.0,0.0,0.0,0.0,0.0,0.0,0.0,89.4,0.0,0.0,0.0,0.0,0.0,0.0,0.0,0.0,0.0,0.0,0.0,10.2
53-4041,0.0,0.0,0.0,0.0,0.0,0.0,0.0,7.5,0.0,0.0,0.0,0.0,0.0,0.0,0.0,0.0,4.4,0.7,0.0,86.2
53-4099,0.0,0.0,0.0,0.0,0.0,0.0,0.0,84.7,0.0,0.0,0.0,0.0,0.0,0.0,0.0,0.0,0.0,0.0,0.0,6.4
53-6011,0.0,0.0,0.0,0.0,0.0,0.0,0.0,11.0,0.0,0.0,0.0,0.0,0.0,0.0,0.0,0.0,0.0,0.0,0.0,82.8
11-2011,0.0,0.0,0.0,0.0,0.0,0.0,0.0,0.0,11.2,2.6,1.0,46.5,7.7,1.6,1.4,0.8,2.1,1.6,2.7,1.3
11-2021,0.0,0.0,0.0,0.0,0.0,0.0,0.0,0.0,8.6,10.3,1.8,23.0,14.3,3.2,2.6,3.1,1.3,0.7,2.6,0.8
11-2022,0.0,0.0,0.0,0.0,0.0,0.0,0.0,0.0,6.2,9.2,1.6,11.1,7.3,3.9,0.4,0.7,0.7,1.6,0.9,0.3
11-2031,0.0,0.0,0.0,0.0,0.0,0.0,0.0,0.0,3.7,5.3,0.8,15.1,8.4,2.1,20.4,8.3,3.2,0.4,20.9,5.2
11-3011,0.0,0.0,0.0,0.0,0.0,0.0,0.0,0.0,2.4,8.1,1.8,10.8,6.8,5.7,11.9,12.1,1.5,1.5,3.7,13.9
11-3021,0.0,0.0,0.0,0.0,0.0,0.0,0.0,0.0,11.3,10.7,0.5,32.2,9.6,3.0,6.2,3.4,0.3,0.1,1.3,6.1
11-3031,0.0,0.0,0.0,0.0,0.0,0.0,0.0,0.0,2.5,29.5,2.0,13.9,10.7,3.1,4.2,4.2,0.7,0.7,2.6,6.8
11-3051,0.0,0.0,0.0,0.0,0.0,0.0,0.0,0.0,0.5,0.2,0.0,4.3,3.9,1.1,0.2,0.5,0.0,0.1,0.8,1.2
11-3061,0.0,0.0,0.0,0.0,0.0,0.0,0.0,0.0,1.7,2.3,0.6,8.5,16.6,2.2,2.7,3.1,0.4,0.6,0.6,11.5
11-3071,0.0,0.0,0.0,0.0,0.0,0.0,0.0,0.0,1.1,0.2,2.0,3.7,7.7,2.4,1.6,0.9,0.2,0.2,0.7,11.8
11-3111,0.0,0.0,0.0,0.0,0.0,0.0,0.0,0.0,3.7,14.1,0.6,16.1,22.4,4.1,6.5,7.2,0.6,0.3,1.9,8.4
11-3121,0.0,0.0,0.0,0.0,0.0,0.0,0.0,0.0,3.7,6.8,1.1,13.6,14.0,7.5,6.9,8.6,0.8,1.5,2.4,9.0
11-3131,0.0,0.0,0.0,0.0,0.0,0.0,0.0,0.0,4.0,9.8,1.3,14.9,13.8,6.4,10.7,9.9,0.9,0.6,6.2,5.1
11-9021,0.0,0.0,0.0,0.0,0.0,0.0,0.0,0.0,0.1,0.1,1.2,2.7,1.2,0.9,0.6,0.2,0.1,0.0,0.1,1.9
11-9039,0.0,0.0,0.0,0.0,0.0,0.0,0.0,0.0,0.4,0.2,0.0,0.7,1.4,0.5,59.4,5.6,2.8,0.0,4.2,18.8
11-9041,0.0,0.0,0.0,0.0,0.0,0.0,0.0,0.0,1.7,0.2,0.2,36.2,5.7,1.4,0.4,0.2,0.1,0.1,0.3,8.9
11-9051,0.0,0.0,0.0,0.0,0.0,0.0,0.0,0.0,0.1,0.0,0.1,0.4,2.1,0.0,1.8,2.1,1.3,51.7,0.3,0.6
11-9111,0.0,0.0,0.0,0.0,0.0,0.0,0.0,0.0,0.0,2.4,0.0,1.9,2.9,1.6,2.3,74.1,0.0,0.0,0.8,8.3
11-9141,0.0,0.0,0.0,0.0,0.0,0.0,0.0,0.0,0.1,0.8,45.1,0.7,1.6,0.0,0.3,0.7,0.2,0.2,2.5,2.4
11-9199,0.0,0.0,0.0,0.0,0.0,0.0,0.0,0.0,1.7,3.5,0.5,5.5,3.6,2.1,2.3,2.2,0.9,0.5,2.0,11.9
13-1011,0.0,0.0,0.0,0.0,0.0,0.0,0.0,0.0,4.2,0.0,0.0,1.4,0.0,0.0,1.0,0.0,66.9,0.0,1.5,0.0
13-2061,0.0,0.0,0.0,0.0,0.0,0.0,0.0,0.0,0.3,64.9,0.2,2.6,9.6,1.0,0.7,0.1,0.0,0.0,0.0,19.1
19-2021,0.0,0.0,0.0,0.0,0.0,0.0,0.0,0.0,9.7,0.0,0.0,39.1,2.7,0.0,13.8,0.0,0.0,0.0,0.0,32.6
19-3022,0.0,0.0,0.0,0.0,0.0,0.0,0.0,0.0,2.3,1.4,0.0,69.7,0.7,0.5,10.7,1.8,0.0,0.0,6.5,3.8
25-3011,0.0,0.0,0.0,0.0,0.0,0.0,0.0,0.0,0.1,0.0,0.0,0.3,0.2,1.0,76.0,6.1,0.0,0.0,2.2,6.4
25-4011,0.0,0.0,0.0,0.0,0.0,0.0,0.0,0.0,17.0,0.0,0.0,6.7,0.8,0.0,22.2,1.3,14.5,0.0,10.8,22.4
25-4013,0.0,0.0,0.0,0.0,0.0,0.0,0.0,0.0,0.6,0.0,0.0,0.0,0.0,0.0,14.2,0.0,53.3,0.0,1.3,26.4
25-4031,0.0,0.0,0.0,0.0,0.0,0.0,0.0,0.0,7.9,0.0,0.0,0.8,0.1,0.2,35.2,0.3,0.2,0.0,0.5,54.9
25-9099,0.0,0.0,0.0,0.0,0.0,0.0,0.0,0.0,0.4,0.0,0.0,0.4,0.1,0.3,84.4,0.9,0.3,0.0,1.3,9.6
27-2011,0.0,0.0,0.0,0.0,0.0,0.0,0.0,0.0,33.2,0.0,0.0,5.3,0.0,0.0,6.1,0.0,25.4,0.2,0.0,0.0
27-2041,0.0,0.0,0.0,0.0,0.0,0.0,0.0,0.0,0.8,0.0,0.0,0.0,0.0,0.0,6.3,0.0,5.1,0.0,59.3,0.1
27-3011,0.0,0.0,0.0,0.0,0.0,0.0,0.0,0.0,65.4,0.0,0.0,0.5,0.0,0.0,3.1,0.0,2.1,0.0,0.0,0.3
27-3012,0.0,0.0,0.0,0.0,0.0,0.0,0.0,0.0,4.7,0.0,0.0,0.0,0.0,0.0,1.7,0.0,36.8,25.9,0.9,0.5
27-3021,0.0,0.0,0.0,0.0,0.0,0.0,0.0,0.0,81.9,0.0,0.0,0.0,0.0,0.0,3.3,0.0,0.0,0.0,0.0,0.0
27-3022,0.0,0.0,0.0,0.0,0.0,0.0,0.0,0.0,82.8,0.0,0.0,0.4,0.0,0.2,1.2,0.0,0.0,0.0,0.9,0.4
27-4012,0.0,0.0,0.0,0.0,0.0,0.0,0.0,0.0,76.2,0.0,0.0,2.1,0.0,0.0,5.0,0.2,2.1,0.0,1.1,3.8
39-3021,0.0,0.0,0.0,0.0,0.0,0.0,0.0,0.0,83.9,0.0,0.0,0.0,0.0,0.0,0.0,0.0,5.3,0.0,0.0,0.0
39-3031,0.0,0.0,0.0,0.0,0.0,0.0,0.0,0.0,36.9,0.0,1.1,0.0,0.0,0.0,4.3,0.0,35.3,2.5,1.8,2.8
39-3092,0.0,0.0,0.0,0.0,0.0,0.0,0.0,0.0,25.9,0.0,0.0,0.0,0.0,0.0,8.6,0.0,54.9,4.2,0.0,2.6
39-5091,0.0,0.0,0.0,0.0,0.0,0.0,0.0,0.0,57.0,0.0,0.0,2.1,0.0,0.0,0.0,0.0,2.8,0.0,7.4,0.0
43-4121,0.0,0.0,0.0,0.0,0.0,0.0,0.0,0.0,8.4,0.0,0.0,0.3,0.0,0.3,29.7,0.2,0.3,0.0,0.3,60.3
11-9121,0.0,0.0,0.0,0.0,0.0,0.0,0.0,0.0,0.0,0.8,0.0,38.9,4.5,0.0,6.4,6.0,0.5,0.0,1.2,26.1
11-9151,0.0,0.0,0.0,0.0,0.0,0.0,0.0,0.0,0.0,0.3,0.0,0.5,2.8,0.4,2.4,57.0,0.4,0.1,11.1,18.6
13-2053,0.0,0.0,0.0,0.0,0.0,0.0,0.0,0.0,0.0,93.3,0.0,0.4,3.4,0.8,0.0,0.1,0.0,0.0,0.1,0.6
13-2082,0.0,0.0,0.0,0.0,0.0,0.0,0.0,0.0,0.0,0.8,0.0,81.6,0.1,0.2,0.0,0.0,0.0,0.0,0.0,0.1
15-2011,0.0,0.0,0.0,0.0,0.0,0.0,0.0,0.0,0.0,70.7,0.0,14.6,6.4,0.0,0.0,0.0,0.0,0.0,0.9,3.7
15-2090,0.0,0.0,0.0,0.0,0.0,0.0,0.0,0.0,0.0,12.3,0.0,24.6,3.7,0.0,10.7,0.0,0.0,0.0,0.0,42.6
19-3031,0.0,0.0,0.0,0.0,0.0,0.0,0.0,0.0,0.0,0.2,0.0,0.4,0.2,0.3,31.7,31.7,0.0,0.0,0.3,5.2
19-4061,0.0,0.0,0.0,0.0,0.0,0.0,0.0,0.0,0.0,0.3,0.0,42.2,0.4,0.7,37.2,4.5,0.3,0.0,5.0,7.1
21-1018,0.0,0.0,0.0,0.0,0.0,0.0,0.0,0.0,0.0,0.4,0.0,0.4,0.7,0.0,4.4,75.0,0.0,0.0,1.2,8.5
21-1019,0.0,0.0,0.0,0.0,0.0,0.0,0.0,0.0,0.0,0.8,0.0,1.2,0.2,0.9,13.1,43.1,0.0,0.0,9.3,24.4
21-1021,0.0,0.0,0.0,0.0,0.0,0.0,0.0,0.0,0.0,0.0,0.0,0.4,0.8,0.6,14.5,39.7,0.0,0.0,3.4,38.7
21-1022,0.0,0.0,0.0,0.0,0.0,0.0,0.0,0.0,0.0,3.2,0.1,0.6,1.1,1.3,1.8,76.9,0.0,0.0,2.5,9.1
21-1023,0.0,0.0,0.0,0.0,0.0,0.0,0.0,0.0,0.0,0.3,0.0,0.1,0.7,1.0,1.6,74.6,0.0,0.0,1.7,17.2
21-1029,0.0,0.0,0.0,0.0,0.0,0.0,0.0,0.0,0.0,0.4,0.0,0.8,0.7,0.0,1.1,21.2,0.0,0.0,2.8,70.9
21-1093,0.0,0.0,0.0,0.0,0.0,0.0,0.0,0.0,0.0,0.2,0.2,0.3,1.1,1.1,2.7,65.1,0.1,0.0,9.5,19.3
21-1094,0.0,0.0,0.0,0.0,0.0,0.0,0.0,0.0,0.0,2.4,0.0,1.3,2.0,1.3,3.4,54.4,0.2,0.0,15.8,19.0
29-1021,0.0,0.0,0.0,0.0,0.0,0.0,0.0,0.0,0.0,0.1,0.0,0.0,0.0,0.3,0.6,81.2,0.0,0.0,0.0,1.3
29-1122,0.0,0.0,0.0,0.0,0.0,0.0,0.0,0.0,0.0,0.0,0.0,0.1,0.4,1.6,12.2,80.6,0.0,0.0,0.1,2.8
29-2021,0.0,0.0,0.0,0.0,0.0,0.0,0.0,0.0,0.0,0.0,0.0,0.0,0.0,1.4,0.4,96.1,0.0,0.0,0.0,0.9
43-4061,0.0,0.0,0.0,0.0,0.0,0.0,0.0,0.0,0.0,0.3,0.1,0.0,0.2,0.5,1.1,4.6,0.0,0.0,0.4,87.0
33-9092,0.0,0.0,0.0,0.0,0.0,0.0,0.0,0.0,0.0,0.0,1.1,0.0,0.0,0.0,6.0,1.7,32.9,5.5,16.8,34.6
39-9041,0.0,0.0,0.0,0.0,0.0,0.0,0.0,0.0,0.0,0.0,1.2,0.0,0.5,0.7,19.5,71.2,0.0,1.1,1.7,4.0
11-9013,0.0,0.0,0.0,0.0,0.0,0.0,0.0,0.0,0.0,0.0,0.0,0.0,0.0,0.0,0.0,0.0,0.0,0.0,0.0,0.0
11-9033,0.0,0.0,0.0,0.0,0.0,0.0,0.0,0.0,0.0,0.0,0.0,0.1,0.1,0.0,94.9,0.4,0.0,0.0,0.4,0.1
11-9161,0.0,0.0,0.0,0.0,0.0,0.0,0.0,0.0,0.0,0.0,0.0,3.8,2.3,0.7,5.7,12.9,0.0,0.0,0.5,67.7
19-1023,0.0,0.0,0.0,0.0,0.0,0.0,0.0,0.0,0.0,0.0,0.0,15.4,0.7,0.0,8.8,0.0,2.5,0.0,4.0,67.3
19-1031,0.0,0.0,0.0,0.0,0.0,0.0,0.0,0.0,0.0,0.0,0.0,4.5,0.0,0.0,5.5,0.0,0.7,0.0,13.7,73.7
19-2011,0.0,0.0,0.0,0.0,0.0,0.0,0.0,0.0,0.0,0.0,0.0,37.4,0.0,0.0,40.9,0.0,0.0,0.0,0.0,20.9
19-2043,0.0,0.0,0.0,0.0,0.0,0.0,0.0,0.0,0.0,0.0,0.0,33.3,0.0,0.0,1.9,0.0,0.0,0.0,0.0,61.8
19-3032,0.0,0.0,0.0,0.0,0.0,0.0,0.0,0.0,0.0,0.0,0.0,28.5,0.0,0.0,9.7,0.0,0.0,0.0,0.0,9.3
19-3039,0.0,0.0,0.0,0.0,0.0,0.0,0.0,0.0,0.0,0.0,0.0,2.1,0.0,0.0,8.1,19.6,0.0,0.0,0.0,48.8
19-3041,0.0,0.0,0.0,0.0,0.0,0.0,0.0,0.0,0.0,0.0,0.0,47.9,0.0,0.0,17.0,5.0,0.0,0.0,0.0,17.8
19-3091,0.0,0.0,0.0,0.0,0.0,0.0,0.0,0.0,0.0,0.0,0.0,58.1,0.0,0.0,6.3,0.0,1.9,0.0,0.0,31.5
19-3092,0.0,0.0,0.0,0.0,0.0,0.0,0.0,0.0,0.0,0.0,0.0,10.8,0.0,0.0,18.7,0.0,0.0,0.0,0.0,66.5
19-3093,0.0,0.0,0.0,0.0,0.0,0.0,0.0,0.0,0.0,0.0,0.0,18.2,0.0,0.0,4.1,0.0,4.0,0.0,8.5,58.9
19-3094,0.0,0.0,0.0,0.0,0.0,0.0,0.0,0.0,0.0,0.0,0.0,26.3,0.0,0.0,8.5,0.0,0.0,0.0,5.1,58.7
19-4092,0.0,0.0,0.0,0.0,0.0,0.0,0.0,0.0,0.0,0.0,0.0,3.1,0.0,0.6,2.0,5.3,0.0,0.0,0.0,88.2
19-4093,0.0,0.0,0.0,0.0,0.0,0.0,0.0,0.0,0.0,0.0,0.0,2.4,0.0,0.0,1.1,0.0,0.0,0.0,2.1,93.2
25-1042,0.0,0.0,0.0,0.0,0.0,0.0,0.0,0.0,0.0,0.0,0.0,0.6,0.0,0.0,96.9,0.0,0.0,0.0,0.0,0.1
25-1071,0.0,0.0,0.0,0.0,0.0,0.0,0.0,0.0,0.0,0.0,0.0,0.0,0.0,0.0,94.8,4.8,0.0,0.0,0.0,0.0
25-1191,0.0,0.0,0.0,0.0,0.0,0.0,0.0,0.0,0.0,0.0,0.0,0.0,0.0,0.0,99.1,0.0,0.0,0.0,0.2,0.0
25-1199,0.0,0.0,0.0,0.0,0.0,0.0,0.0,0.0,0.0,0.0,0.0,0.0,0.0,0.1,99.5,0.0,0.0,0.0,0.0,0.1
25-2011,0.0,0.0,0.0,0.0,0.0,0.0,0.0,0.0,0.0,0.0,0.0,0.0,0.2,0.2,16.7,63.5,0.4,0.0,17.2,1.6
25-2059,0.0,0.0,0.0,0.0,0.0,0.0,0.0,0.0,0.0,0.0,0.0,0.3,0.0,0.0,79.4,11.5,0.0,0.0,1.0,5.5
25-9041,0.0,0.0,0.0,0.0,0.0,0.0,0.0,0.0,0.0,0.0,0.0,0.0,0.1,0.6,82.2,12.1,0.1,0.0,3.5,1.3
29-1062,0.0,0.0,0.0,0.0,0.0,0.0,0.0,0.0,0.0,0.0,0.0,0.1,0.2,0.0,2.7,85.6,0.0,0.0,0.1,2.2
29-1063,0.0,0.0,0.0,0.0,0.0,0.0,0.0,0.0,0.0,0.0,0.0,0.2,0.0,0.2,9.2,82.0,0.0,0.0,0.0,0.3
29-1071,0.0,0.0,0.0,0.0,0.0,0.0,0.0,0.0,0.0,0.0,0.0,0.4,0.1,2.0,3.0,90.8,0.0,0.0,0.0,2.3
29-1123,0.0,0.0,0.0,0.0,0.0,0.0,0.0,0.0,0.0,0.0,0.0,0.2,0.4,1.6,3.2,87.3,0.1,0.0,0.0,1.8
29-1127,0.0,0.0,0.0,0.0,0.0,0.0,0.0,0.0,0.0,0.0,0.0,0.1,0.4,1.1,40.2,51.9,0.0,0.0,0.1,3.1
29-1128,0.0,0.0,0.0,0.0,0.0,0.0,0.0,0.0,0.0,0.0,0.0,0.5,0.0,0.0,1.3,37.0,0.0,0.0,0.0,2.6
29-2032,0.0,0.0,0.0,0.0,0.0,0.0,0.0,0.0,0.0,0.0,0.0,0.1,0.1,1.0,1.1,96.7,0.0,0.0,0.0,0.1
29-2034,0.0,0.0,0.0,0.0,0.0,0.0,0.0,0.0,0.0,0.0,0.0,0.3,0.1,1.1,0.8,93.8,0.0,0.0,0.0,3.2
29-2055,0.0,0.0,0.0,0.0,0.0,0.0,0.0,0.0,0.0,0.0,0.0,0.0,0.1,1.5,0.4,97.8,0.0,0.0,0.0,0.1
31-9094,0.0,0.0,0.0,0.0,0.0,0.0,0.0,0.0,0.0,0.0,0.0,2.4,2.1,33.3,0.6,54.4,0.0,0.0,0.0,0.6
11-9031,0.0,0.0,0.0,0.0,0.0,0.0,0.0,0.0,0.0,0.0,0.0,0.0,1.3,0.0,8.7,66.0,0.2,0.0,14.1,1.3
11-9032,0.0,0.0,0.0,0.0,0.0,0.0,0.0,0.0,0.0,0.0,0.0,0.0,0.0,0.0,95.4,0.4,0.0,0.0,1.4,0.9
11-9071,0.0,0.0,0.0,0.0,0.0,0.0,0.0,0.0,0.0,0.0,0.0,0.0,1.4,0.0,0.0,0.0,20.6,21.9,0.0,29.9
11-9081,0.0,0.0,0.0,0.0,0.0,0.0,0.0,0.0,0.0,0.0,0.0,0.0,1.0,0.8,0.5,1.0,0.8,65.7,0.9,0.7
21-1013,0.0,0.0,0.0,0.0,0.0,0.0,0.0,0.0,0.0,0.0,0.0,0.0,0.4,0.3,2.0,74.9,0.0,0.0,1.6,12.0
21-2021,0.0,0.0,0.0,0.0,0.0,0.0,0.0,0.0,0.0,0.0,0.0,0.0,0.1,0.0,2.0,0.6,0.0,0.0,95.8,0.1
21-2099,0.0,0.0,0.0,0.0,0.0,0.0,0.0,0.0,0.0,0.0,0.0,0.0,0.1,0.0,1.5,1.3,0.0,0.0,94.1,0.0
25-3098,0.0,0.0,0.0,0.0,0.0,0.0,0.0,0.0,0.0,0.0,0.0,0.0,0.0,6.9,84.8,0.9,0.0,0.0,0.4,1.9
29-1066,0.0,0.0,0.0,0.0,0.0,0.0,0.0,0.0,0.0,0.0,0.0,0.0,0.4,0.0,3.9,80.1,0.0,0.0,0.0,8.4
29-1067,0.0,0.0,0.0,0.0,0.0,0.0,0.0,0.0,0.0,0.0,0.0,0.0,0.2,0.0,2.6,88.5,0.0,0.0,0.0,0.0
29-1124,0.0,0.0,0.0,0.0,0.0,0.0,0.0,0.0,0.0,0.0,0.0,0.0,0.3,1.2,1.3,96.6,0.0,0.0,0.0,0.3
29-9091,0.0,0.0,0.0,0.0,0.0,0.0,0.0,0.0,0.0,0.0,0.0,0.0,0.3,0.0,36.8,43.7,10.3,0.0,1.3,0.5
31-2011,0.0,0.0,0.0,0.0,0.0,0.0,0.0,0.0,0.0,0.0,0.0,0.0,0.1,1.4,4.7,92.4,0.0,0.0,0.0,1.3
31-2021,0.0,0.0,0.0,0.0,0.0,0.0,0.0,0.0,0.0,0.0,0.0,0.0,0.3,1.2,0.8,95.1,0.1,0.0,0.0,0.6
21-1092,0.0,0.0,0.0,0.0,0.0,0.0,0.0,0.0,0.0,0.0,0.0,0.0,0.0,1.0,0.1,2.0,0.0,0.0,0.0,96.8
23-2091,0.0,0.0,0.0,0.0,0.0,0.0,0.0,0.0,0.0,0.0,0.0,0.0,0.0,33.6,0.0,0.0,0.0,0.0,0.0,59.7
25-2021,0.0,0.0,0.0,0.0,0.0,0.0,0.0,0.0,0.0,0.0,0.0,0.0,0.0,0.1,98.2,0.1,0.0,0.0,1.6,0.1
25-2052,0.0,0.0,0.0,0.0,0.0,0.0,0.0,0.0,0.0,0.0,0.0,0.0,0.0,0.1,97.5,1.5,0.0,0.0,0.1,0.7
27-2031,0.0,0.0,0.0,0.0,0.0,0.0,0.0,0.0,0.0,0.0,0.0,0.0,0.0,0.7,8.5,0.0,40.2,19.4,0.0,0.0
29-1011,0.0,0.0,0.0,0.0,0.0,0.0,0.0,0.0,0.0,0.0,0.0,0.0,0.0,0.2,0.0,69.1,0.0,0.0,0.0,0.0
29-1125,0.0,0.0,0.0,0.0,0.0,0.0,0.0,0.0,0.0,0.0,0.0,0.0,0.0,0.4,3.4,78.0,0.0,0.0,0.4,17.3
29-1151,0.0,0.0,0.0,0.0,0.0,0.0,0.0,0.0,0.0,0.0,0.0,0.0,0.0,0.4,3.6,94.5,0.0,0.0,0.0,0.1
29-2031,0.0,0.0,0.0,0.0,0.0,0.0,0.0,0.0,0.0,0.0,0.0,0.0,0.0,0.7,1.0,97.5,0.0,0.0,0.0,0.0
29-2033,0.0,0.0,0.0,0.0,0.0,0.0,0.0,0.0,0.0,0.0,0.0,0.0,0.0,0.5,1.5,96.7,0.0,0.0,0.0,0.5
29-2035,0.0,0.0,0.0,0.0,0.0,0.0,0.0,0.0,0.0,0.0,0.0,0.0,0.0,0.9,0.9,96.8,0.0,0.0,0.0,0.0
29-2053,0.0,0.0,0.0,0.0,0.0,0.0,0.0,0.0,0.0,0.0,0.0,0.0,0.0,1.4,1.2,86.3,0.0,0.0,0.0,10.5
31-1011,0.0,0.0,0.0,0.0,0.0,0.0,0.0,0.0,0.0,0.0,0.0,0.0,0.0,1.9,0.0,93.4,0.0,0.0,0.6,1.5
31-1013,0.0,0.0,0.0,0.0,0.0,0.0,0.0,0.0,0.0,0.0,0.0,0.0,0.0,0.3,0.2,74.6,0.0,0.0,0.0,23.7
31-1015,0.0,0.0,0.0,0.0,0.0,0.0,0.0,0.0,0.0,0.0,0.0,0.0,0.0,2.4,1.7,93.7,0.0,0.0,0.0,2.0
31-2022,0.0,0.0,0.0,0.0,0.0,0.0,0.0,0.0,0.0,0.0,0.0,0.0,0.0,0.4,0.2,95.8,0.0,0.0,0.0,1.0
33-1011,0.0,0.0,0.0,0.0,0.0,0.0,0.0,0.0,0.0,0.0,0.0,0.0,0.0,2.8,0.0,0.5,0.0,0.0,0.0,96.6
33-3012,0.0,0.0,0.0,0.0,0.0,0.0,0.0,0.0,0.0,0.0,0.0,0.0,0.0,5.1,0.0,0.4,0.0,0.0,0.0,94.5
33-9011,0.0,0.0,0.0,0.0,0.0,0.0,0.0,0.0,0.0,0.0,0.0,0.0,0.0,0.5,0.0,0.0,0.0,0.0,8.2,90.9
39-3011,0.0,0.0,0.0,0.0,0.0,0.0,0.0,0.0,0.0,0.0,0.0,0.0,0.0,0.9,0.0,0.1,30.7,40.1,0.7,26.0
39-3099,0.0,0.0,0.0,0.0,0.0,0.0,0.0,0.0,0.0,0.0,0.0,0.0,0.0,2.1,2.3,0.0,27.2,18.8,13.4,18.3
25-1011,0.0,0.0,0.0,0.0,0.0,0.0,0.0,0.0,0.0,0.0,0.0,0.0,0.0,0.0,99.6,0.0,0.0,0.0,0.0,0.0
25-1021,0.0,0.0,0.0,0.0,0.0,0.0,0.0,0.0,0.0,0.0,0.0,0.0,0.0,0.0,99.6,0.0,0.0,0.0,0.0,0.0
25-1022,0.0,0.0,0.0,0.0,0.0,0.0,0.0,0.0,0.0,0.0,0.0,0.0,0.0,0.0,99.6,0.0,0.0,0.0,0.0,0.0
25-1031,0.0,0.0,0.0,0.0,0.0,0.0,0.0,0.0,0.0,0.0,0.0,0.0,0.0,0.0,99.7,0.0,0.0,0.0,0.0,0.0
25-1032,0.0,0.0,0.0,0.0,0.0,0.0,0.0,0.0,0.0,0.0,0.0,0.0,0.0,0.0,99.7,0.0,0.0,0.0,0.0,0.0
25-1041,0.0,0.0,0.0,0.0,0.0,0.0,0.0,0.0,0.0,0.0,0.0,0.0,0.0,0.0,99.0,0.0,0.0,0.0,0.0,0.8
25-1043,0.0,0.0,0.0,0.0,0.0,0.0,0.0,0.0,0.0,0.0,0.0,0.0,0.0,0.0,99.7,0.0,0.0,0.0,0.0,0.0
25-1051,0.0,0.0,0.0,0.0,0.0,0.0,0.0,0.0,0.0,0.0,0.0,0.0,0.0,0.0,99.3,0.0,0.0,0.0,0.0,0.0
25-1052,0.0,0.0,0.0,0.0,0.0,0.0,0.0,0.0,0.0,0.0,0.0,0.0,0.0,0.0,99.4,0.0,0.0,0.0,0.0,0.0
25-1053,0.0,0.0,0.0,0.0,0.0,0.0,0.0,0.0,0.0,0.0,0.0,0.0,0.0,0.0,99.6,0.0,0.0,0.0,0.0,0.0
25-1054,0.0,0.0,0.0,0.0,0.0,0.0,0.0,0.0,0.0,0.0,0.0,0.0,0.0,0.0,98.6,0.0,0.0,0.0,0.0,0.0
25-1061,0.0,0.0,0.0,0.0,0.0,0.0,0.0,0.0,0.0,0.0,0.0,0.0,0.0,0.0,99.5,0.0,0.0,0.0,0.0,0.0
25-1062,0.0,0.0,0.0,0.0,0.0,0.0,0.0,0.0,0.0,0.0,0.0,0.0,0.0,0.0,99.6,0.0,0.0,0.0,0.0,0.0
25-1063,0.0,0.0,0.0,0.0,0.0,0.0,0.0,0.0,0.0,0.0,0.0,0.0,0.0,0.0,99.6,0.0,0.0,0.0,0.0,0.0
25-1064,0.0,0.0,0.0,0.0,0.0,0.0,0.0,0.0,0.0,0.0,0.0,0.0,0.0,0.0,99.7,0.0,0.0,0.0,0.0,0.0
25-1065,0.0,0.0,0.0,0.0,0.0,0.0,0.0,0.0,0.0,0.0,0.0,0.0,0.0,0.0,99.6,0.0,0.0,0.0,0.0,0.0
25-1066,0.0,0.0,0.0,0.0,0.0,0.0,0.0,0.0,0.0,0.0,0.0,0.0,0.0,0.0,99.6,0.0,0.0,0.0,0.0,0.0
25-1067,0.0,0.0,0.0,0.0,0.0,0.0,0.0,0.0,0.0,0.0,0.0,0.0,0.0,0.0,99.7,0.0,0.0,0.0,0.0,0.0
25-1069,0.0,0.0,0.0,0.0,0.0,0.0,0.0,0.0,0.0,0.0,0.0,0.0,0.0,0.0,99.0,0.0,0.0,0.0,0.0,0.0
25-1072,0.0,0.0,0.0,0.0,0.0,0.0,0.0,0.0,0.0,0.0,0.0,0.0,0.0,0.0,93.1,6.2,0.0,0.0,0.0,0.0
25-1081,0.0,0.0,0.0,0.0,0.0,0.0,0.0,0.0,0.0,0.0,0.0,0.0,0.0,0.0,99.4,0.0,0.0,0.0,0.1,0.1
25-1082,0.0,0.0,0.0,0.0,0.0,0.0,0.0,0.0,0.0,0.0,0.0,0.0,0.0,0.0,99.8,0.0,0.0,0.0,0.0,0.0
25-1111,0.0,0.0,0.0,0.0,0.0,0.0,0.0,0.0,0.0,0.0,0.0,0.0,0.0,0.0,99.3,0.0,0.0,0.0,0.0,0.5
25-1112,0.0,0.0,0.0,0.0,0.0,0.0,0.0,0.0,0.0,0.0,0.0,0.0,0.0,0.0,99.3,0.0,0.0,0.0,0.0,0.0
25-1113,0.0,0.0,0.0,0.0,0.0,0.0,0.0,0.0,0.0,0.0,0.0,0.0,0.0,0.0,99.7,0.0,0.0,0.0,0.0,0.0
25-1121,0.0,0.0,0.0,0.0,0.0,0.0,0.0,0.0,0.0,0.0,0.0,0.0,0.0,0.0,99.3,0.0,0.1,0.0,0.0,0.0
25-1122,0.0,0.0,0.0,0.0,0.0,0.0,0.0,0.0,0.0,0.0,0.0,0.0,0.0,0.0,99.6,0.0,0.0,0.0,0.0,0.0
25-1123,0.0,0.0,0.0,0.0,0.0,0.0,0.0,0.0,0.0,0.0,0.0,0.0,0.0,0.0,99.6,0.0,0.0,0.0,0.0,0.0
25-1124,0.0,0.0,0.0,0.0,0.0,0.0,0.0,0.0,0.0,0.0,0.0,0.0,0.0,0.0,99.1,0.0,0.0,0.0,0.0,0.0
25-1125,0.0,0.0,0.0,0.0,0.0,0.0,0.0,0.0,0.0,0.0,0.0,0.0,0.0,0.0,99.5,0.0,0.0,0.0,0.0,0.0
25-1126,0.0,0.0,0.0,0.0,0.0,0.0,0.0,0.0,0.0,0.0,0.0,0.0,0.0,0.0,96.5,0.0,0.0,0.0,2.9,0.0
25-1192,0.0,0.0,0.0,0.0,0.0,0.0,0.0,0.0,0.0,0.0,0.0,0.0,0.0,0.0,99.9,0.0,0.0,0.0,0.0,0.0
25-1193,0.0,0.0,0.0,0.0,0.0,0.0,0.0,0.0,0.0,0.0,0.0,0.0,0.0,0.0,99.3,0.0,0.0,0.0,0.0,0.0
25-2012,0.0,0.0,0.0,0.0,0.0,0.0,0.0,0.0,0.0,0.0,0.0,0.0,0.0,0.0,94.3,3.5,0.0,0.0,1.9,0.1
25-2022,0.0,0.0,0.0,0.0,0.0,0.0,0.0,0.0,0.0,0.0,0.0,0.0,0.0,0.0,99.2,0.0,0.0,0.0,0.6,0.1
25-2023,0.0,0.0,0.0,0.0,0.0,0.0,0.0,0.0,0.0,0.0,0.0,0.0,0.0,0.0,99.9,0.0,0.0,0.0,0.0,0.0
25-2031,0.0,0.0,0.0,0.0,0.0,0.0,0.0,0.0,0.0,0.0,0.0,0.0,0.0,0.0,98.0,0.2,0.0,0.0,1.5,0.3
25-2032,0.0,0.0,0.0,0.0,0.0,0.0,0.0,0.0,0.0,0.0,0.0,0.0,0.0,0.0,98.7,0.3,0.0,0.0,0.1,0.8
25-2051,0.0,0.0,0.0,0.0,0.0,0.0,0.0,0.0,0.0,0.0,0.0,0.0,0.0,0.0,62.4,33.3,0.0,0.0,0.5,2.7
25-2053,0.0,0.0,0.0,0.0,0.0,0.0,0.0,0.0,0.0,0.0,0.0,0.0,0.0,0.0,98.9,0.4,0.0,0.0,0.0,0.5
25-2054,0.0,0.0,0.0,0.0,0.0,0.0,0.0,0.0,0.0,0.0,0.0,0.0,0.0,0.0,96.5,1.5,0.0,0.0,0.0,1.7
27-2021,0.0,0.0,0.0,0.0,0.0,0.0,0.0,0.0,0.0,0.0,0.0,0.0,0.0,0.0,1.4,0.0,0.0,0.5,0.7,1.4
27-2023,0.0,0.0,0.0,0.0,0.0,0.0,0.0,0.0,0.0,0.0,0.0,0.0,0.0,0.0,8.9,0.3,32.1,0.3,13.3,35.0
27-2032,0.0,0.0,0.0,0.0,0.0,0.0,0.0,0.0,0.0,0.0,0.0,0.0,0.0,0.0,48.5,0.0,0.0,0.0,0.0,0.0
29-1022,0.0,0.0,0.0,0.0,0.0,0.0,0.0,0.0,0.0,0.0,0.0,0.0,0.0,0.0,1.2,82.3,0.0,0.0,0.0,0.0
29-1064,0.0,0.0,0.0,0.0,0.0,0.0,0.0,0.0,0.0,0.0,0.0,0.0,0.0,0.0,2.4,88.6,0.0,0.0,0.0,0.0
29-1065,0.0,0.0,0.0,0.0,0.0,0.0,0.0,0.0,0.0,0.0,0.0,0.0,0.0,0.0,2.1,88.9,0.0,0.0,0.0,0.0
29-1129,0.0,0.0,0.0,0.0,0.0,0.0,0.0,0.0,0.0,0.0,0.0,0.0,0.0,0.0,4.1,36.5,0.0,0.0,0.0,1.8
29-1161,0.0,0.0,0.0,0.0,0.0,0.0,0.0,0.0,0.0,0.0,0.0,0.0,0.0,0.0,2.7,92.5,0.0,0.0,0.0,1.3
31-2012,0.0,0.0,0.0,0.0,0.0,0.0,0.0,0.0,0.0,0.0,0.0,0.0,0.0,0.0,2.8,93.5,0.0,0.0,0.0,1.1
33-1012,0.0,0.0,0.0,0.0,0.0,0.0,0.0,0.0,0.0,0.0,0.0,0.0,0.0,0.0,4.1,0.1,0.0,0.0,0.0,95.8
33-3021,0.0,0.0,0.0,0.0,0.0,0.0,0.0,0.0,0.0,0.0,0.0,0.0,0.0,0.0,0.4,0.1,0.0,0.0,0.0,98.5
33-3041,0.0,0.0,0.0,0.0,0.0,0.0,0.0,0.0,0.0,0.0,0.0,0.0,0.0,0.0,18.9,0.0,0.0,0.0,1.0,78.5
29-1023,0.0,0.0,0.0,0.0,0.0,0.0,0.0,0.0,0.0,0.0,0.0,0.0,0.0,0.0,0.0,81.8,0.0,0.0,0.0,0.0
29-1024,0.0,0.0,0.0,0.0,0.0,0.0,0.0,0.0,0.0,0.0,0.0,0.0,0.0,0.0,0.0,78.2,0.0,0.0,0.0,0.0
29-1029,0.0,0.0,0.0,0.0,0.0,0.0,0.0,0.0,0.0,0.0,0.0,0.0,0.0,0.0,0.0,43.9,0.0,0.0,0.0,44.8
29-1061,0.0,0.0,0.0,0.0,0.0,0.0,0.0,0.0,0.0,0.0,0.0,0.0,0.0,0.0,0.0,90.7,0.0,0.0,0.0,0.0
29-1081,0.0,0.0,0.0,0.0,0.0,0.0,0.0,0.0,0.0,0.0,0.0,0.0,0.0,0.0,0.0,81.3,0.0,0.0,0.0,9.5
39-5011,0.0,0.0,0.0,0.0,0.0,0.0,0.0,0.0,0.0,0.0,0.0,0.0,0.0,0.0,0.0,0.1,0.0,0.0,24.4,0.1
33-9031,0.0,0.0,0.0,0.0,0.0,0.0,0.0,0.0,0.0,0.0,0.0,0.0,0.0,0.0,0.0,0.0,20.6,18.9,0.0,59.3
39-1010,0.0,0.0,0.0,0.0,0.0,0.0,0.0,0.0,0.0,0.0,0.0,0.0,0.0,0.0,0.0,0.0,15.6,24.8,0.4,20.7
39-3012,0.0,0.0,0.0,0.0,0.0,0.0,0.0,0.0,0.0,0.0,0.0,0.0,0.0,0.0,0.0,0.0,60.8,9.3,8.2,19.1
39-3019,0.0,0.0,0.0,0.0,0.0,0.0,0.0,0.0,0.0,0.0,0.0,0.0,0.0,0.0,0.0,0.0,36.5,33.1,11.7,16.1
41-2012,0.0,0.0,0.0,0.0,0.0,0.0,0.0,0.0,0.0,0.0,0.0,0.0,0.0,0.0,0.0,0.0,32.7,16.9,1.0,48.7
43-3041,0.0,0.0,0.0,0.0,0.0,0.0,0.0,0.0,0.0,0.0,0.0,0.0,0.0,0.0,0.0,0.0,29.1,26.1,0.0,39.7
11-9061,0.0,0.0,0.0,0.0,0.0,0.0,0.0,0.0,0.0,0.0,0.0,0.0,0.0,0.0,0.0,0.0,0.0,0.0,35.9,0.0
35-2013,0.0,0.0,0.0,0.0,0.0,0.0,0.0,0.0,0.0,0.0,0.0,0.0,0.0,0.0,0.0,0.0,0.0,0.0,30.7,0.0
39-4011,0.0,0.0,0.0,0.0,0.0,0.0,0.0,0.0,0.0,0.0,0.0,0.0,0.0,0.0,0.0,0.0,0.0,0.0,96.2,0.0
39-4021,0.0,0.0,0.0,0.0,0.0,0.0,0.0,0.0,0.0,0.0,0.0,0.0,0.0,0.0,0.0,0.0,0.0,0.0,97.0,0.0
39-4031,0.0,0.0,0.0,0.0,0.0,0.0,0.0,0.0,0.0,0.0,0.0,0.0,0.0,0.0,0.0,0.0,0.0,0.0,85.1,0.9
39-5093,0.0,0.0,0.0,0.0,0.0,0.0,0.0,0.0,0.0,0.0,0.0,0.0,0.0,0.0,0.0,0.0,0.0,0.0,71.2,0.0
11-1031,0.0,0.0,0.0,0.0,0.0,0.0,0.0,0.0,0.0,0.0,0.0,0.0,0.0,0.0,0.0,0.0,0.0,0.0,0.0,100.0
11-9131,0.0,0.0,0.0,0.0,0.0,0.0,0.0,0.0,0.0,0.0,0.0,0.0,0.0,0.0,0.0,0.0,0.0,0.0,0.0,99.1
13-2081,0.0,0.0,0.0,0.0,0.0,0.0,0.0,0.0,0.0,0.0,0.0,0.0,0.0,0.0,0.0,0.0,0.0,0.0,0.0,100.0
23-1012,0.0,0.0,0.0,0.0,0.0,0.0,0.0,0.0,0.0,0.0,0.0,0.0,0.0,0.0,0.0,0.0,0.0,0.0,0.0,98.9
23-1021,0.0,0.0,0.0,0.0,0.0,0.0,0.0,0.0,0.0,0.0,0.0,0.0,0.0,0.0,0.0,0.0,0.0,0.0,0.0,99.9
23-1023,0.0,0.0,0.0,0.0,0.0,0.0,0.0,0.0,0.0,0.0,0.0,0.0,0.0,0.0,0.0,0.0,0.0,0.0,0.0,100.0
33-2022,0.0,0.0,0.0,0.0,0.0,0.0,0.0,0.0,0.0,0.0,0.0,0.0,0.0,0.0,0.0,0.0,0.0,0.0,0.0,93.5
33-3011,0.0,0.0,0.0,0.0,0.0,0.0,0.0,0.0,0.0,0.0,0.0,0.0,0.0,0.0,0.0,0.0,0.0,0.0,0.0,98.8
33-3031,0.0,0.0,0.0,0.0,0.0,0.0,0.0,0.0,0.0,0.0,0.0,0.0,0.0,0.0,0.0,0.0,0.0,0.0,0.0,100.0
43-5051,0.0,0.0,0.0,0.0,0.0,0.0,0.0,0.0,0.0,0.0,0.0,0.0,0.0,0.0,0.0,0.0,0.0,0.0,0.0,100.0
43-5052,0.0,0.0,0.0,0.0,0.0,0.0,0.0,0.0,0.0,0.0,0.0,0.0,0.0,0.0,0.0,0.0,0.0,0.0,0.0,100.0
43-5053,0.0,0.0,0.0,0.0,0.0,0.0,0.0,0.0,0.0,0.0,0.0,0.0,0.0,0.0,0.0,0.0,0.0,0.0,0.0,100.0
